#
# A fatal error has been detected by the Java Runtime Environment:
#
#  SIGSEGV (0xb) at pc=0x00007faf8cf8d687, pid=14064, tid=14109
#
# JRE version: OpenJDK Runtime Environment (15.0.2+7) (build 15.0.2+7)
# Java VM: OpenJDK 64-Bit Server VM (15.0.2+7, mixed mode, tiered, compressed oops, g1 gc, linux-amd64)
# Problematic frame:
# C  [libc.so.6+0x164687]  __memmove_avx_unaligned_erms+0x187
#
# Core dump will be written. Default location: Core dumps may be processed with "/usr/lib/systemd/systemd-coredump %P %u %g %s %t %c %h" (or dumping to /home/heero/dev/WORKSPACE-game/jatria-soft/ege/samples/core.14064)
#
# If you would like to submit a bug report, please visit:
#   https://bugreport.java.com/bugreport/crash.jsp
# The crash happened outside the Java Virtual Machine in native code.
# See problematic frame for where to report the bug.
#

---------------  S U M M A R Y ------------

Command Line: -XX:+ShowCodeDetailsInExceptionMessages -agentlib:jdwp=transport=dt_socket,suspend=y,address=localhost:41625 -javaagent:/home/heero/.local/application/eclipse.app/eclipse/configuration/org.eclipse.osgi/216/0/.cp/lib/javaagent-shaded.jar -Dfile.encoding=UTF-8 --module-path=/home/heero/dev/WORKSPACE-game/jatria-soft/ege/samples/bin:/home/heero/dev/WORKSPACE-game/jatria-soft/ege/out/eclipse/classes:/home/heero/dev/WORKSPACE-game/jatria-soft/ewol/out/eclipse/classes:/home/heero/dev/WORKSPACE-game/jatria-soft/io-gami/out/eclipse/classes:/home/heero/dev/WORKSPACE-game/jatria-soft/png-encoder/out/eclipse:/home/heero/dev/WORKSPACE-game/jatria-soft/egami/out/eclipse/classes:/home/heero/dev/WORKSPACE-game/jatria-soft/etk/out/eclipse/classes:/home/heero/dev/WORKSPACE-game/jatria-soft/etk/lib/spotbugs-annotations-4.2.2.jar:/home/heero/dev/WORKSPACE-game/scenarium/scenarium-logger/out/eclipse/classes:/home/heero/dev/WORKSPACE-game/jatria-soft/png-decoder/out/eclipse/classes:/home/heero/dev/WORKSPACE-game/jatria-soft/esvg/out/eclipse/classes:/home/heero/dev/WORKSPACE-game/jatria-soft/exml/out/eclipse/classes:/home/heero/dev/WORKSPACE-game/jatria-soft/ejson/out/eclipse/classes:/home/heero/dev/WORKSPACE-game/jatria-soft/gale/out/eclipse/classes:/home/heero/dev/WORKSPACE-game/jatria-soft/gale/lib/lwjgl3-awt-0.1.7.jar:/home/heero/dev/WORKSPACE-game/jatria-soft/gale/lib/pngdecoder.jar:/home/heero/dev/WORKSPACE-game/jatria-soft/gale/lib/lwjgl/lwjgl.jar:/home/heero/dev/WORKSPACE-game/jatria-soft/gale/lib/lwjgl/lwjgl-assimp.jar:/home/heero/dev/WORKSPACE-game/jatria-soft/gale/lib/lwjgl/lwjgl-assimp-natives-linux.jar:/home/heero/dev/WORKSPACE-game/jatria-soft/gale/lib/lwjgl/lwjgl-glfw.jar:/home/heero/dev/WORKSPACE-game/jatria-soft/gale/lib/lwjgl/lwjgl-glfw-natives-linux.jar:/home/heero/dev/WORKSPACE-game/jatria-soft/gale/lib/lwjgl/lwjgl-jawt.jar:/home/heero/dev/WORKSPACE-game/jatria-soft/gale/lib/lwjgl/lwjgl-natives-linux.jar:/home/heero/dev/WORKSPACE-game/jatria-soft/gale/lib/lwjgl/lwjgl-opengl.jar:/home/heero/dev/WORKSPACE-game/jatria-soft/gale/lib/lwjgl/lwjgl-stb.jar:/home/heero/dev/WORKSPACE-game/jatria-soft/gale/lib/lwjgl/lwjgl-stb-natives-linux.jar:/home/heero/dev/WORKSPACE-game/jatria-soft/gale/lib/lwjgl/lwjgl-opengl-natives-linux.jar:--enable-preview -Djdk.module.main=sample.atriasoft.ege sample.atriasoft.ege/sample.atriasoft.ege.loxelEngine.MainLoxelEngine

Host: AMD Ryzen 5 3600 6-Core Processor, 12 cores, 15G, Arch Linux
Time: Sun May 23 18:10:37 2021 CEST elapsed time: 2.546310 seconds (0d 0h 0m 2s)

---------------  T H R E A D  ---------------

Current thread (0x00007faf8475c1b0):  JavaThread "AWT-EventQueue-0" [_thread_in_native, id=14109, stack(0x00007faf0dda0000,0x00007faf0dea1000)]

Stack: [0x00007faf0dda0000,0x00007faf0dea1000],  sp=0x00007faf0de9ea08,  free space=1018k
Native frames: (J=compiled Java code, A=aot compiled Java code, j=interpreted, Vv=VM code, C=native code)
C  [libc.so.6+0x164687]  __memmove_avx_unaligned_erms+0x187

Java frames: (J=compiled Java code, j=interpreted, Vv=VM code)
J 2130  org.lwjgl.opengl.GL11C.nglDrawElements(IIIJ)V org.lwjgl.opengl (0 bytes) @ 0x00007faf74759872 [0x00007faf74759820+0x0000000000000052]
J 2133 c1 org.lwjgl.opengl.GL11C.glDrawElements(IIIJ)V org.lwjgl.opengl (8 bytes) @ 0x00007faf6d4b6e14 [0x00007faf6d4b6da0+0x0000000000000074]
J 2067 c1 org.lwjgl.opengl.GL11.glDrawElements(IIIJ)V org.lwjgl.opengl (8 bytes) @ 0x00007faf6d48cd94 [0x00007faf6d48cd20+0x0000000000000074]
J 2129 c1 org.atriasoft.gale.backend3d.OpenGL.drawElements(Lorg/atriasoft/gale/backend3d/OpenGL$RenderMode;I)V org.atriasoft.gale (39 bytes) @ 0x00007faf6d4b5f5c [0x00007faf6d4b5c80+0x00000000000002dc]
J 2174 c1 org.atriasoft.gale.resource.ResourceVirtualArrayObject.render(Lorg/atriasoft/gale/backend3d/OpenGL$RenderMode;)V org.atriasoft.gale (32 bytes) @ 0x00007faf6d4d24bc [0x00007faf6d4d2120+0x000000000000039c]
J 2332 c1 org.atriasoft.ege.components.ComponentStaticMesh.render()V org.atriasoft.ege (16 bytes) @ 0x00007faf6d530f0c [0x00007faf6d530d40+0x00000000000001cc]
j  org.atriasoft.ege.components.ComponentRenderTexturedMaterialsStaticMesh.render()V+405 org.atriasoft.ege
j  org.atriasoft.ege.engines.EngineRender.render(JLorg/atriasoft/ege/camera/Camera;)V+26 org.atriasoft.ege
j  org.atriasoft.ege.Environement.render(JLjava/lang/String;)V+77 org.atriasoft.ege
j  sample.atriasoft.ege.loxelEngine.LoxelApplication.onDraw(Lorg/atriasoft/gale/context/GaleContext;)V+94 sample.atriasoft.ege
j  org.atriasoft.gale.context.GaleContext.operatingSystemDraw(Z)Z+241 org.atriasoft.gale
j  org.atriasoft.gale.context.LWJG_AWT.ContextLWJGLAWT$1.paintGL()V+104 org.atriasoft.gale
j  org.lwjgl.opengl.awt.AWTGLCanvas.render()V+21 lwjgl3.awt@0.1.7
j  org.atriasoft.gale.context.LWJG_AWT.ContextLWJGLAWT$2.run()V+25 org.atriasoft.gale
j  java.awt.event.InvocationEvent.dispatch()V+47 java.desktop@15.0.2
j  java.awt.EventQueue.dispatchEventImpl(Ljava/awt/AWTEvent;Ljava/lang/Object;)V+21 java.desktop@15.0.2
j  java.awt.EventQueue$4.run()Ljava/lang/Void;+32 java.desktop@15.0.2
j  java.awt.EventQueue$4.run()Ljava/lang/Object;+1 java.desktop@15.0.2
J 1173 c1 java.security.AccessController.executePrivileged(Ljava/security/PrivilegedAction;Ljava/security/AccessControlContext;Ljava/lang/Class;)Ljava/lang/Object; java.base@15.0.2 (65 bytes) @ 0x00007faf6d2f192c [0x00007faf6d2f17c0+0x000000000000016c]
j  java.security.AccessController.doPrivileged(Ljava/security/PrivilegedAction;Ljava/security/AccessControlContext;)Ljava/lang/Object;+13 java.base@15.0.2
j  java.security.ProtectionDomain$JavaSecurityAccessImpl.doIntersectionPrivilege(Ljava/security/PrivilegedAction;Ljava/security/AccessControlContext;Ljava/security/AccessControlContext;)Ljava/lang/Object;+18 java.base@15.0.2
j  java.awt.EventQueue.dispatchEvent(Ljava/awt/AWTEvent;)V+46 java.desktop@15.0.2
j  java.awt.EventDispatchThread.pumpOneEventForFilters(I)V+78 java.desktop@15.0.2
j  java.awt.EventDispatchThread.pumpEventsForFilter(ILjava/awt/Conditional;Ljava/awt/EventFilter;)V+35 java.desktop@15.0.2
j  java.awt.EventDispatchThread.pumpEventsForHierarchy(ILjava/awt/Conditional;Ljava/awt/Component;)V+11 java.desktop@15.0.2
j  java.awt.EventDispatchThread.pumpEvents(ILjava/awt/Conditional;)V+4 java.desktop@15.0.2
j  java.awt.EventDispatchThread.pumpEvents(Ljava/awt/Conditional;)V+3 java.desktop@15.0.2
j  java.awt.EventDispatchThread.run()V+9 java.desktop@15.0.2
v  ~StubRoutines::call_stub

siginfo: si_signo: 11 (SIGSEGV), si_code: 2 (SEGV_ACCERR), si_addr: 0x00007faed4ede540

Register to memory mapping:

RAX=0x00007fae8c823c9c points into unknown readable memory: 75 00 59 05
RBX=0x00007faed4d5c894 points into unknown readable memory: 00 00 20 04
RCX=0x0000000000000004 is an unknown value
RDX=0x0000000000001410 is an unknown value
RSP=0x00007faf0de9ea08 is pointing into the stack for thread: 0x00007faf8475c1b0
RBP=0x00007faed41b5a80 points into unknown readable memory: 0x0000000100000000 | 00 00 00 00 01 00 00 00
RSI=0x00007faed4edd150 points into unknown readable memory: 0xc1a00000c1a00000 | 00 00 a0 c1 00 00 a0 c1
RDI=0x00007fae8c823c9c points into unknown readable memory: 75 00 59 05
R8 =0x0000000000100000 is an unknown value
R9 =0x00007faf0de9ea80 is pointing into the stack for thread: 0x00007faf8475c1b0
R10=0x00007fae00000001 is an unknown value
R11=0x0000000000001410 is an unknown value
R12=0x00007faed4d5c994 points into unknown readable memory: 0c 00 00 00
R13=0x00007faed41b5a80 points into unknown readable memory: 0x0000000100000000 | 00 00 00 00 01 00 00 00
R14=0x0 is NULL
R15=0x0000000000001410 is an unknown value


Registers:
RAX=0x00007fae8c823c9c, RBX=0x00007faed4d5c894, RCX=0x0000000000000004, RDX=0x0000000000001410
RSP=0x00007faf0de9ea08, RBP=0x00007faed41b5a80, RSI=0x00007faed4edd150, RDI=0x00007fae8c823c9c
R8 =0x0000000000100000, R9 =0x00007faf0de9ea80, R10=0x00007fae00000001, R11=0x0000000000001410
R12=0x00007faed4d5c994, R13=0x00007faed41b5a80, R14=0x0000000000000000, R15=0x0000000000001410
RIP=0x00007faf8cf8d687, EFLAGS=0x0000000000010283, CSGSFS=0x002b000000000033, ERR=0x0000000000000004
  TRAPNO=0x000000000000000e

Top of Stack: (sp=0x00007faf0de9ea08)
0x00007faf0de9ea08:   00007faed2deadab 00007faed41b4110
0x00007faf0de9ea18:   00007faed427da40 00007faed4d5c8ac
0x00007faf0de9ea28:   00000001d2deabbb 00007fae000001ac
0x00007faf0de9ea38:   00007faed4edd150 00007fae00000000 

Instructions: (pc=0x00007faf8cf8d687)
0x00007faf8cf8d587:   6f 06 c5 fa 6f 4c 16 f0 c5 fa 7f 07 c5 fa 7f 4c
0x00007faf8cf8d597:   17 f0 c3 48 8b 4c 16 f8 48 8b 36 48 89 4c 17 f8
0x00007faf8cf8d5a7:   48 89 37 c3 8b 4c 16 fc 8b 36 89 4c 17 fc 89 37
0x00007faf8cf8d5b7:   c3 0f b7 4c 16 fe 0f b7 36 66 89 4c 17 fe 66 89
0x00007faf8cf8d5c7:   37 c3 48 3b 15 90 cb 05 00 0f 87 59 ff ff ff 48
0x00007faf8cf8d5d7:   81 fa 00 01 00 00 0f 87 91 00 00 00 48 81 fa 80
0x00007faf8cf8d5e7:   00 00 00 72 5a c5 fe 6f 06 c5 fe 6f 4e 20 c5 fe
0x00007faf8cf8d5f7:   6f 56 40 c5 fe 6f 5e 60 c5 fe 6f 64 16 e0 c5 fe
0x00007faf8cf8d607:   6f 6c 16 c0 c5 fe 6f 74 16 a0 c5 fe 6f 7c 16 80
0x00007faf8cf8d617:   c5 fe 7f 07 c5 fe 7f 4f 20 c5 fe 7f 57 40 c5 fe
0x00007faf8cf8d627:   7f 5f 60 c5 fe 7f 64 17 e0 c5 fe 7f 6c 17 c0 c5
0x00007faf8cf8d637:   fe 7f 74 17 a0 c5 fe 7f 7c 17 80 c5 f8 77 c3 c5
0x00007faf8cf8d647:   fe 6f 06 c5 fe 6f 4e 20 c5 fe 6f 54 16 e0 c5 fe
0x00007faf8cf8d657:   6f 5c 16 c0 c5 fe 7f 07 c5 fe 7f 4f 20 c5 fe 7f
0x00007faf8cf8d667:   54 17 e0 c5 fe 7f 5c 17 c0 c5 f8 77 c3 48 39 f7
0x00007faf8cf8d677:   0f 87 ab 00 00 00 0f 84 e5 fe ff ff c5 fe 6f 26
0x00007faf8cf8d687:   c5 fe 6f 6c 16 e0 c5 fe 6f 74 16 c0 c5 fe 6f 7c
0x00007faf8cf8d697:   16 a0 c5 7e 6f 44 16 80 49 89 fb 48 8d 4c 17 e0
0x00007faf8cf8d6a7:   49 89 f8 49 83 e0 1f 49 83 e8 20 4c 29 c6 4c 29
0x00007faf8cf8d6b7:   c7 4c 01 c2 48 3b 15 16 07 06 00 0f 87 07 01 00
0x00007faf8cf8d6c7:   00 c5 fe 6f 06 c5 fe 6f 4e 20 c5 fe 6f 56 40 c5
0x00007faf8cf8d6d7:   fe 6f 5e 60 48 81 c6 80 00 00 00 48 81 ea 80 00
0x00007faf8cf8d6e7:   00 00 c5 fd 7f 07 c5 fd 7f 4f 20 c5 fd 7f 57 40
0x00007faf8cf8d6f7:   c5 fd 7f 5f 60 48 81 c7 80 00 00 00 48 81 fa 80
0x00007faf8cf8d707:   00 00 00 77 bc c5 fe 7f 29 c5 fe 7f 71 e0 c5 fe
0x00007faf8cf8d717:   7f 79 c0 c5 7e 7f 41 a0 c4 c1 7e 7f 23 c5 f8 77
0x00007faf8cf8d727:   c3 c5 fe 6f 26 c5 fe 6f 6e 20 c5 fe 6f 76 40 c5
0x00007faf8cf8d737:   fe 6f 7e 60 c5 7e 6f 44 16 e0 4c 8d 5c 17 e0 48
0x00007faf8cf8d747:   8d 4c 16 e0 4d 89 d9 4d 89 d8 49 83 e0 1f 4c 29
0x00007faf8cf8d757:   c1 4d 29 c1 4c 29 c2 48 3b 15 73 06 06 00 0f 87
0x00007faf8cf8d767:   f0 00 00 00 c5 fe 6f 01 c5 fe 6f 49 e0 c5 fe 6f
0x00007faf8cf8d777:   51 c0 c5 fe 6f 59 a0 48 81 e9 80 00 00 00 48 81 


Stack slot to memory mapping:
stack at sp + 0 slots: 0x00007faed2deadab: <offset 0x000000000064edab> in /usr/lib/dri/radeonsi_dri.so at 0x00007faed279c000
stack at sp + 1 slots: 0x00007faed41b4110 points into unknown readable memory: 0x00007faed4184670 | 70 46 18 d4 ae 7f 00 00
stack at sp + 2 slots: 0x00007faed427da40 points into unknown readable memory: 0x00007faed41b7440 | 40 74 1b d4 ae 7f 00 00
stack at sp + 3 slots: 0x00007faed4d5c8ac points into unknown readable memory: 00 00 00 00
stack at sp + 4 slots: 0x00000001d2deabbb is an unknown value
stack at sp + 5 slots: 0x00007fae000001ac is an unknown value
stack at sp + 6 slots: 0x00007faed4edd150 points into unknown readable memory: 0xc1a00000c1a00000 | 00 00 a0 c1 00 00 a0 c1
stack at sp + 7 slots: 0x00007fae00000000 is an unknown value


---------------  P R O C E S S  ---------------

Threads class SMR info:
_java_thread_list=0x00007faf202e7d90, length=18, elements={
0x00007faf8420c7a0, 0x00007faf84214140, 0x00007faf8422b030, 0x00007faf8422c740,
0x00007faf8422e3a0, 0x00007faf8422fbd0, 0x00007faf84231280, 0x00007faf8430ba00,
0x00007faf8443c5e0, 0x00007faf8443fe60, 0x00007faf18001100, 0x00007faf844c5790,
0x00007faf8466ff10, 0x00007faf845b9080, 0x00007faf8477a080, 0x00007faf8475c1b0,
0x00007faf84762290, 0x00007faf84019760
}

Java Threads: ( => current thread )
  0x00007faf8420c7a0 JavaThread "Reference Handler" daemon [_thread_blocked, id=14078, stack(0x00007faf880ac000,0x00007faf881ad000)]
  0x00007faf84214140 JavaThread "Finalizer" daemon [_thread_blocked, id=14079, stack(0x00007faf64567000,0x00007faf64668000)]
  0x00007faf8422b030 JavaThread "Signal Dispatcher" daemon [_thread_blocked, id=14080, stack(0x00007faf64130000,0x00007faf64231000)]
  0x00007faf8422c740 JavaThread "Service Thread" daemon [_thread_blocked, id=14081, stack(0x00007faf6402f000,0x00007faf64130000)]
  0x00007faf8422e3a0 JavaThread "C2 CompilerThread0" daemon [_thread_blocked, id=14082, stack(0x00007faf55eff000,0x00007faf56000000)]
  0x00007faf8422fbd0 JavaThread "C1 CompilerThread0" daemon [_thread_blocked, id=14083, stack(0x00007faf55dfe000,0x00007faf55eff000)]
  0x00007faf84231280 JavaThread "Sweeper thread" daemon [_thread_blocked, id=14084, stack(0x00007faf55cfd000,0x00007faf55dfe000)]
  0x00007faf8430ba00 JavaThread "Common-Cleaner" daemon [_thread_blocked, id=14085, stack(0x00007faf55bfc000,0x00007faf55cfd000)]
  0x00007faf8443c5e0 JavaThread "JDWP Transport Listener: dt_socket" daemon [_thread_blocked, id=14089, stack(0x00007faf558f9000,0x00007faf559fa000)]
  0x00007faf8443fe60 JavaThread "JDWP Event Helper Thread" daemon [_thread_blocked, id=14092, stack(0x00007faf557f8000,0x00007faf558f9000)]
  0x00007faf18001100 JavaThread "JDWP Command Reader" daemon [_thread_in_native, id=14093, stack(0x00007faf556f7000,0x00007faf557f8000)]
  0x00007faf844c5790 JavaThread "Notification Thread" daemon [_thread_blocked, id=14096, stack(0x00007faf553f3000,0x00007faf554f4000)]
  0x00007faf8466ff10 JavaThread "Java2D Disposer" daemon [_thread_blocked, id=14101, stack(0x00007faf542ab000,0x00007faf543ac000)]
  0x00007faf845b9080 JavaThread "AWT-XAWT" daemon [_thread_blocked, id=14102, stack(0x00007faf541aa000,0x00007faf542ab000)]
  0x00007faf8477a080 JavaThread "AWT-Shutdown" [_thread_blocked, id=14108, stack(0x00007faf0dea1000,0x00007faf0dfa2000)]
=>0x00007faf8475c1b0 JavaThread "AWT-EventQueue-0" [_thread_in_native, id=14109, stack(0x00007faf0dda0000,0x00007faf0dea1000)]
  0x00007faf84762290 JavaThread "Galethread 2" [_thread_blocked, id=14110, stack(0x00007faf0dc9f000,0x00007faf0dda0000)]
  0x00007faf84019760 JavaThread "DestroyJavaVM" [_thread_blocked, id=14071, stack(0x00007faf8b762000,0x00007faf8b863000)]

Other Threads:
  0x00007faf841f8df0 VMThread "VM Thread" [stack: 0x00007faf881af000,0x00007faf882af000] [id=14077]
  0x00007faf844c7560 WatcherThread [stack: 0x00007faf552f3000,0x00007faf553f3000] [id=14097]
  0x00007faf8406a6b0 GCTaskThread "GC Thread#0" [stack: 0x00007faf891e0000,0x00007faf892e0000] [id=14072]
  0x00007faf4c0010f0 GCTaskThread "GC Thread#1" [stack: 0x00007faf540aa000,0x00007faf541aa000] [id=14103]
  0x00007faf4c001e90 GCTaskThread "GC Thread#2" [stack: 0x00007faf0e6fd000,0x00007faf0e7fd000] [id=14104]
  0x00007faf4c002c60 GCTaskThread "GC Thread#3" [stack: 0x00007faf0e5fb000,0x00007faf0e6fb000] [id=14105]
  0x00007faf4c003a30 GCTaskThread "GC Thread#4" [stack: 0x00007faf0e4f9000,0x00007faf0e5f9000] [id=14106]
  0x00007faf4c004800 GCTaskThread "GC Thread#5" [stack: 0x00007faf0e3f7000,0x00007faf0e4f7000] [id=14107]
  0x00007faf4c0088d0 GCTaskThread "GC Thread#6" [stack: 0x00007faec80f6000,0x00007faec81f6000] [id=14130]
  0x00007faf4c009280 GCTaskThread "GC Thread#7" [stack: 0x00007faeb00f8000,0x00007faeb01f8000] [id=14131]
  0x00007faf8407ba90 ConcurrentGCThread "G1 Main Marker" [stack: 0x00007faf890de000,0x00007faf891de000] [id=14073]
  0x00007faf8407cd20 ConcurrentGCThread "G1 Conc#0" [stack: 0x00007faf88fdc000,0x00007faf890dc000] [id=14074]
  0x00007faf58000e80 ConcurrentGCThread "G1 Conc#1" [stack: 0x00007fae8defc000,0x00007fae8dffc000] [id=14132]
  0x00007faf58001c60 ConcurrentGCThread "G1 Conc#2" [stack: 0x00007fae8ddfa000,0x00007fae8defa000] [id=14133]
  0x00007faf8413c820 ConcurrentGCThread "G1 Refine#0" [stack: 0x00007faf884d0000,0x00007faf885d0000] [id=14075]
  0x00007faf8413da30 ConcurrentGCThread "G1 Young RemSet Sampling" [stack: 0x00007faf883ce000,0x00007faf884ce000] [id=14076]

Threads with active compile tasks:

VM state: not at safepoint (normal execution)

VM Mutex/Monitor currently owned by a thread: None

Heap address: 0x0000000705a00000, size: 4006 MB, Compressed Oops mode: Zero based, Oop shift amount: 3
CDS disabled.
Compressed class space mapped at: 0x0000000800000000-0x0000000840000000, size: 1073741824
Narrow klass base: 0x0000000800000000, Narrow klass shift: 0, Narrow klass range: 0x40000000

GC Precious Log:
 CPUs: 12 total, 12 available
 Memory: 16017M
 Large Page Support: Disabled
 NUMA Support: Disabled
 Compressed Oops: Enabled (Zero based)
 Heap Region Size: 2M
 Heap Min Capacity: 8M
 Heap Initial Capacity: 252M
 Heap Max Capacity: 4006M
 Pre-touch: Disabled
 Parallel Workers: 10
 Concurrent Workers: 3
 Concurrent Refinement Workers: 10
 Periodic GC: Disabled

Heap:
 garbage-first heap   total 24576K, used 14336K [0x0000000705a00000, 0x0000000800000000)
  region size 2048K, 7 young (14336K), 2 survivors (4096K)
 Metaspace       used 24637K, capacity 24916K, committed 25392K, reserved 1073152K
  class space    used 2047K, capacity 2162K, committed 2176K, reserved 1048576K

Heap Regions: E=young(eden), S=young(survivor), O=old, HS=humongous(starts), HC=humongous(continues), CS=collection set, F=free, OA=open archive, CA=closed archive, TAMS=top-at-mark-start (previous, next)
|   0|0x0000000705a00000, 0x0000000705c00000, 0x0000000705c00000|100%|HS|  |TAMS 0x0000000705a00000, 0x0000000705a00000| Complete 
|   1|0x0000000705c00000, 0x0000000705c00000, 0x0000000705e00000|  0%| F|  |TAMS 0x0000000705c00000, 0x0000000705c00000| Untracked 
|   2|0x0000000705e00000, 0x0000000705e00000, 0x0000000706000000|  0%| F|  |TAMS 0x0000000705e00000, 0x0000000705e00000| Untracked 
|   3|0x0000000706000000, 0x0000000706000000, 0x0000000706200000|  0%| F|  |TAMS 0x0000000706000000, 0x0000000706000000| Untracked 
|   4|0x0000000706200000, 0x0000000706200000, 0x0000000706400000|  0%| F|  |TAMS 0x0000000706200000, 0x0000000706200000| Untracked 
|   5|0x0000000706400000, 0x00000007065ee260, 0x0000000706600000| 96%| E|  |TAMS 0x0000000706400000, 0x0000000706400000| Complete 
|   6|0x0000000706600000, 0x0000000706800000, 0x0000000706800000|100%| E|CS|TAMS 0x0000000706600000, 0x0000000706600000| Complete 
|   7|0x0000000706800000, 0x0000000706a00000, 0x0000000706a00000|100%| S|CS|TAMS 0x0000000706800000, 0x0000000706800000| Complete 
|   8|0x0000000706a00000, 0x0000000706c00000, 0x0000000706c00000|100%| S|CS|TAMS 0x0000000706a00000, 0x0000000706a00000| Complete 
| 109|0x0000000713400000, 0x0000000713600000, 0x0000000713600000|100%| E|CS|TAMS 0x0000000713400000, 0x0000000713400000| Complete 
| 110|0x0000000713600000, 0x0000000713800000, 0x0000000713800000|100%| E|CS|TAMS 0x0000000713600000, 0x0000000713600000| Complete 
| 125|0x0000000715400000, 0x0000000715600000, 0x0000000715600000|100%| E|CS|TAMS 0x0000000715400000, 0x0000000715400000| Complete 

Card table byte_map: [0x00007faf89b35000,0x00007faf8a308000] _byte_map_base: 0x00007faf86308000

Marking Bits (Prev, Next): (CMBitMap*) 0x00007faf8406b490, (CMBitMap*) 0x00007faf8406b450
 Prev Bits: [0x00007faf64e6a000, 0x00007faf68d02000)
 Next Bits: [0x00007faf68d02000, 0x00007faf6cb9a000)

Polling page: 0x00007faf8d014000

Metaspace:

Usage:
  Non-class:     22.22 MB capacity,    22.06 MB (>99%) used,   129.16 KB ( <1%) free+waste,    35.19 KB ( <1%) overhead. 
      Class:      2.11 MB capacity,     2.00 MB ( 95%) used,   102.24 KB (  5%) free+waste,    11.81 KB ( <1%) overhead. 
       Both:     24.33 MB capacity,    24.06 MB ( 99%) used,   231.41 KB ( <1%) free+waste,    47.00 KB ( <1%) overhead. 

Virtual space:
  Non-class space:       24.00 MB reserved,      22.67 MB ( 94%) committed 
      Class space:        1.00 GB reserved,       2.12 MB ( <1%) committed 
             Both:        1.02 GB reserved,      24.80 MB (  2%) committed 

Chunk freelists:
   Non-Class:  286.00 KB
       Class:  14.00 KB
        Both:  300.00 KB

MaxMetaspaceSize: 17179869184.00 GB
CompressedClassSpaceSize: 1.00 GB

CodeHeap 'non-profiled nmethods': size=120028Kb used=1062Kb max_used=1062Kb free=118965Kb
 bounds [0x00007faf74663000, 0x00007faf748d3000, 0x00007faf7bb9a000]
CodeHeap 'profiled nmethods': size=120028Kb used=4215Kb max_used=4215Kb free=115812Kb
 bounds [0x00007faf6d12c000, 0x00007faf6d54c000, 0x00007faf74663000]
CodeHeap 'non-nmethods': size=5704Kb used=1793Kb max_used=1840Kb free=3910Kb
 bounds [0x00007faf6cb9a000, 0x00007faf6ce0a000, 0x00007faf6d12c000]
 total_blobs=3516 nmethods=2359 adapters=1070
 compilation: enabled
              stopped_count=0, restarted_count=0
 full_count=0

Compilation events (20 events):
Event: 2.473 Thread 0x00007faf8422fbd0 2351       3       sun.awt.X11.XMotionEvent::get_y_root (20 bytes)
Event: 2.474 Thread 0x00007faf8422fbd0 nmethod 2351 0x00007faf6d53aa10 code [0x00007faf6d53abe0, 0x00007faf6d53af40]
Event: 2.506 Thread 0x00007faf8422fbd0 2352       3       java.text.Format::<init> (5 bytes)
Event: 2.506 Thread 0x00007faf8422fbd0 nmethod 2352 0x00007faf6d53b110 code [0x00007faf6d53b2a0, 0x00007faf6d53b3f0]
Event: 2.506 Thread 0x00007faf8422fbd0 2353       3       sun.util.locale.provider.DecimalFormatSymbolsProviderImpl::getInstance (21 bytes)
Event: 2.506 Thread 0x00007faf8422fbd0 nmethod 2353 0x00007faf6d53b490 code [0x00007faf6d53b660, 0x00007faf6d53b9f0]
Event: 2.506 Thread 0x00007faf8422fbd0 2354       3       java.text.DecimalFormatSymbols::<init> (15 bytes)
Event: 2.506 Thread 0x00007faf8422fbd0 nmethod 2354 0x00007faf6d53bb90 code [0x00007faf6d53bd40, 0x00007faf6d53bee0]
Event: 2.506 Thread 0x00007faf8422fbd0 2355       3       java.text.DecimalFormatSymbols::initialize (330 bytes)
Event: 2.512 Thread 0x00007faf8422fbd0 nmethod 2355 0x00007faf6d53bf90 code [0x00007faf6d53c740, 0x00007faf6d540ee0]
Event: 2.512 Thread 0x00007faf8422fbd0 2356       3       sun.util.locale.provider.CalendarDataUtility::findRegionOverride (108 bytes)
Event: 2.514 Thread 0x00007faf8422fbd0 nmethod 2356 0x00007faf6d542810 code [0x00007faf6d542c80, 0x00007faf6d544a30]
Event: 2.514 Thread 0x00007faf8422fbd0 2357       3       sun.util.locale.provider.JRELocaleProviderAdapter::getLocaleResources (51 bytes)
Event: 2.514 Thread 0x00007faf8422fbd0 nmethod 2357 0x00007faf6d545590 code [0x00007faf6d545780, 0x00007faf6d545d40]
Event: 2.514 Thread 0x00007faf8422fbd0 2358       3       java.text.DecimalFormat::checkAndSetFastPathStatus (156 bytes)
Event: 2.514 Thread 0x00007faf8422fbd0 nmethod 2358 0x00007faf6d545f90 code [0x00007faf6d546140, 0x00007faf6d5466e0]
Event: 2.514 Thread 0x00007faf8422fbd0 2359       3       java.text.DecimalFormat::resetFastPathData (433 bytes)
Event: 2.517 Thread 0x00007faf8422fbd0 nmethod 2359 0x00007faf6d546790 code [0x00007faf6d546c20, 0x00007faf6d548fc0]
Event: 2.517 Thread 0x00007faf8422fbd0 2360       1       org.atriasoft.ephysics.body.RigidBody::getAngularVelocity (5 bytes)
Event: 2.517 Thread 0x00007faf8422fbd0 nmethod 2360 0x00007faf7476c690 code [0x00007faf7476c820, 0x00007faf7476c8d0]

GC Heap History (6 events):
Event: 0.439 GC heap before
{Heap before GC invocations=0 (full 0):
 garbage-first heap   total 258048K, used 22528K [0x0000000705a00000, 0x0000000800000000)
  region size 2048K, 11 young (22528K), 0 survivors (0K)
 Metaspace       used 15587K, capacity 15774K, committed 15872K, reserved 1062912K
  class space    used 1457K, capacity 1521K, committed 1536K, reserved 1048576K
}
Event: 0.442 GC heap after
{Heap after GC invocations=1 (full 0):
 garbage-first heap   total 258048K, used 2690K [0x0000000705a00000, 0x0000000800000000)
  region size 2048K, 2 young (4096K), 2 survivors (4096K)
 Metaspace       used 15587K, capacity 15774K, committed 15872K, reserved 1062912K
  class space    used 1457K, capacity 1521K, committed 1536K, reserved 1048576K
}
Event: 0.642 GC heap before
{Heap before GC invocations=1 (full 0):
 garbage-first heap   total 258048K, used 25218K [0x0000000705a00000, 0x0000000800000000)
  region size 2048K, 15 young (30720K), 2 survivors (4096K)
 Metaspace       used 20708K, capacity 20892K, committed 21296K, reserved 1069056K
  class space    used 1752K, capacity 1824K, committed 1920K, reserved 1048576K
}
Event: 0.645 GC heap after
{Heap after GC invocations=2 (full 0):
 garbage-first heap   total 258048K, used 3652K [0x0000000705a00000, 0x0000000800000000)
  region size 2048K, 2 young (4096K), 2 survivors (4096K)
 Metaspace       used 20708K, capacity 20892K, committed 21296K, reserved 1069056K
  class space    used 1752K, capacity 1824K, committed 1920K, reserved 1048576K
}
Event: 0.813 GC heap before
{Heap before GC invocations=3 (full 0):
 garbage-first heap   total 20480K, used 20036K [0x0000000705a00000, 0x0000000800000000)
  region size 2048K, 10 young (20480K), 2 survivors (4096K)
 Metaspace       used 23554K, capacity 23790K, committed 24368K, reserved 1071104K
  class space    used 1981K, capacity 2064K, committed 2176K, reserved 1048576K
}
Event: 0.817 GC heap after
{Heap after GC invocations=4 (full 0):
 garbage-first heap   total 24576K, used 4096K [0x0000000705a00000, 0x0000000800000000)
  region size 2048K, 2 young (4096K), 2 survivors (4096K)
 Metaspace       used 23554K, capacity 23790K, committed 24368K, reserved 1071104K
  class space    used 1981K, capacity 2064K, committed 2176K, reserved 1048576K
}

Deoptimization events (20 events):
Event: 0.873 Thread 0x00007faf8475c1b0 DEOPT PACKING pc=0x00007faf6d41929c sp=0x00007faf0de9ecd0
Event: 0.873 Thread 0x00007faf8475c1b0 DEOPT UNPACKING pc=0x00007faf6cbe7f2b sp=0x00007faf0de9e1a8 mode 1
Event: 0.874 Thread 0x00007faf8475c1b0 DEOPT PACKING pc=0x00007faf6d3eb71c sp=0x00007faf0de9eaa0
Event: 0.874 Thread 0x00007faf8475c1b0 DEOPT UNPACKING pc=0x00007faf6cbe7f2b sp=0x00007faf0de9df78 mode 1
Event: 0.874 Thread 0x00007faf8475c1b0 DEOPT PACKING pc=0x00007faf6d1950a4 sp=0x00007faf0de9eb10
Event: 0.874 Thread 0x00007faf8475c1b0 DEOPT UNPACKING pc=0x00007faf6cbe7f2b sp=0x00007faf0de9dfe8 mode 1
Event: 0.874 Thread 0x00007faf8475c1b0 DEOPT PACKING pc=0x00007faf6d187284 sp=0x00007faf0de9ebe0
Event: 0.874 Thread 0x00007faf8475c1b0 DEOPT UNPACKING pc=0x00007faf6cbe7f2b sp=0x00007faf0de9e0c0 mode 1
Event: 0.874 Thread 0x00007faf8475c1b0 DEOPT PACKING pc=0x00007faf6d17d154 sp=0x00007faf0de9ec60
Event: 0.874 Thread 0x00007faf8475c1b0 DEOPT UNPACKING pc=0x00007faf6cbe7f2b sp=0x00007faf0de9e130 mode 1
Event: 0.874 Thread 0x00007faf8475c1b0 DEOPT PACKING pc=0x00007faf6d41929c sp=0x00007faf0de9ecd0
Event: 0.874 Thread 0x00007faf8475c1b0 DEOPT UNPACKING pc=0x00007faf6cbe7f2b sp=0x00007faf0de9e1a8 mode 1
Event: 1.016 Thread 0x00007faf8475c1b0 Uncommon trap: trap_request=0xffffff45 fr.pc=0x00007faf7466a95c relative=0x000000000000005c
Event: 1.016 Thread 0x00007faf8475c1b0 Uncommon trap: reason=unstable_if action=reinterpret pc=0x00007faf7466a95c method=java.lang.String.isLatin1()Z @ 10 c2
Event: 1.016 Thread 0x00007faf8475c1b0 DEOPT PACKING pc=0x00007faf7466a95c sp=0x00007faf0de9ea50
Event: 1.016 Thread 0x00007faf8475c1b0 DEOPT UNPACKING pc=0x00007faf6cbe8125 sp=0x00007faf0de9ea10 mode 2
Event: 1.017 Thread 0x00007faf8475c1b0 Uncommon trap: trap_request=0xffffff45 fr.pc=0x00007faf746725c4 relative=0x0000000000000044
Event: 1.017 Thread 0x00007faf8475c1b0 Uncommon trap: reason=unstable_if action=reinterpret pc=0x00007faf746725c4 method=java.lang.CharacterData.of(I)Ljava/lang/CharacterData; @ 4 c2
Event: 1.017 Thread 0x00007faf8475c1b0 DEOPT PACKING pc=0x00007faf746725c4 sp=0x00007faf0de9e580
Event: 1.017 Thread 0x00007faf8475c1b0 DEOPT UNPACKING pc=0x00007faf6cbe8125 sp=0x00007faf0de9e540 mode 2

Classes unloaded (0 events):
No events

Classes redefined (0 events):
No events

Internal exceptions (20 events):
Event: 0.698 Thread 0x00007faf8475c1b0 Exception <a 'sun/nio/fs/UnixException'{0x00000007065507b0}> (0x00000007065507b0) 
thrown [src/hotspot/share/prims/jni.cpp, line 578]
Event: 0.698 Thread 0x00007faf8475c1b0 Exception <a 'sun/nio/fs/UnixException'{0x0000000706551178}> (0x0000000706551178) 
thrown [src/hotspot/share/prims/jni.cpp, line 578]
Event: 0.698 Thread 0x00007faf8475c1b0 Exception <a 'sun/nio/fs/UnixException'{0x0000000706551da8}> (0x0000000706551da8) 
thrown [src/hotspot/share/prims/jni.cpp, line 578]
Event: 0.733 Thread 0x00007faf8475c1b0 Exception <a 'java/lang/NoSuchMethodError'{0x0000000706575fb8}: 'java.lang.Object java.lang.invoke.Invokers$Holder.linkToTargetMethod(java.lang.Object, java.lang.Object, int, java.lang.Object, java.lang.Object, java.lang.Object)'> (0x0000000706575fb8) 
thrown [src/hotspot/share/interpreter/linkResolver.cpp, line 781]
Event: 0.734 Thread 0x00007faf84762290 Exception <a 'java/lang/NoSuchMethodError'{0x0000000706315a98}: 'java.lang.Object java.lang.invoke.DirectMethodHandle$Holder.newInvokeSpecial(java.lang.Object, java.lang.Object, java.lang.Object, int, int, int, int, int)'> (0x0000000706315a98) 
thrown [src/hotspot/share/interpreter/linkResolver.cpp, line 781]
Event: 0.756 Thread 0x00007faf8475c1b0 Exception <a 'sun/nio/fs/UnixException'{0x00000007065a1868}> (0x00000007065a1868) 
thrown [src/hotspot/share/prims/jni.cpp, line 578]
Event: 0.767 Thread 0x00007faf8475c1b0 Exception <a 'sun/nio/fs/UnixException'{0x0000000705f1af00}> (0x0000000705f1af00) 
thrown [src/hotspot/share/prims/jni.cpp, line 578]
Event: 0.779 Thread 0x00007faf84762290 Exception <a 'sun/nio/fs/UnixException'{0x0000000705ca3c30}> (0x0000000705ca3c30) 
thrown [src/hotspot/share/prims/jni.cpp, line 578]
Event: 0.801 Thread 0x00007faf84762290 Exception <a 'sun/nio/fs/UnixException'{0x0000000705aacaf8}> (0x0000000705aacaf8) 
thrown [src/hotspot/share/prims/jni.cpp, line 578]
Event: 0.806 Thread 0x00007faf8475c1b0 Exception <a 'sun/nio/fs/UnixException'{0x0000000705d50e20}> (0x0000000705d50e20) 
thrown [src/hotspot/share/prims/jni.cpp, line 578]
Event: 0.807 Thread 0x00007faf8475c1b0 Exception <a 'sun/nio/fs/UnixException'{0x0000000705d69758}> (0x0000000705d69758) 
thrown [src/hotspot/share/prims/jni.cpp, line 578]
Event: 0.811 Thread 0x00007faf84762290 Exception <a 'sun/nio/fs/UnixException'{0x0000000705af49d8}> (0x0000000705af49d8) 
thrown [src/hotspot/share/prims/jni.cpp, line 578]
Event: 0.823 Thread 0x00007faf84762290 Exception <a 'sun/nio/fs/UnixException'{0x000000071546f5d8}> (0x000000071546f5d8) 
thrown [src/hotspot/share/prims/jni.cpp, line 578]
Event: 0.831 Thread 0x00007faf84762290 Exception <a 'sun/nio/fs/UnixException'{0x00000007154c83f0}> (0x00000007154c83f0) 
thrown [src/hotspot/share/prims/jni.cpp, line 578]
Event: 0.834 Thread 0x00007faf84762290 Exception <a 'sun/nio/fs/UnixException'{0x00000007154ffbb8}> (0x00000007154ffbb8) 
thrown [src/hotspot/share/prims/jni.cpp, line 578]
Event: 0.837 Thread 0x00007faf84762290 Exception <a 'sun/nio/fs/UnixException'{0x000000071553a3a0}> (0x000000071553a3a0) 
thrown [src/hotspot/share/prims/jni.cpp, line 578]
Event: 0.855 Thread 0x00007faf8475c1b0 Exception <a 'sun/nio/fs/UnixException'{0x00000007154249b0}> (0x00000007154249b0) 
thrown [src/hotspot/share/prims/jni.cpp, line 578]
Event: 0.856 Thread 0x00007faf8475c1b0 Exception <a 'sun/nio/fs/UnixException'{0x000000071369b248}> (0x000000071369b248) 
thrown [src/hotspot/share/prims/jni.cpp, line 578]
Event: 0.873 Thread 0x00007faf8475c1b0 Exception <a 'sun/nio/fs/UnixException'{0x00000007137beb90}> (0x00000007137beb90) 
thrown [src/hotspot/share/prims/jni.cpp, line 578]
Event: 0.874 Thread 0x00007faf8475c1b0 Exception <a 'sun/nio/fs/UnixException'{0x00000007137d8150}> (0x00000007137d8150) 
thrown [src/hotspot/share/prims/jni.cpp, line 578]

Events (20 events):
Event: 1.089 Loaded shared library /tmp/lwjglheero/3.2.3-build-13/liblwjgl_opengl.so
Event: 1.173 Thread 0x00007faf340fcbc0 Thread exited: 0x00007faf340fcbc0
Event: 1.178 Loaded shared library /tmp/lwjglheero/3.2.3-build-13/liblwjgl_opengl.so
Event: 1.372 Loaded shared library /tmp/lwjglheero/3.2.3-build-13/liblwjgl_opengl.so
Event: 1.372 Loaded shared library /tmp/lwjglheero/3.2.3-build-13/liblwjgl_opengl.so
Event: 1.572 Loaded shared library /tmp/lwjglheero/3.2.3-build-13/liblwjgl_opengl.so
Event: 1.573 Loaded shared library /usr/lib/jvm/java-15-openjdk/lib/libawt_xawt.so
Event: 1.677 loading class jdk/internal/access/foreign/MemorySegmentProxy
Event: 1.677 loading class jdk/internal/access/foreign/MemorySegmentProxy done
Event: 1.677 loading class sun/awt/X11/XMotionEvent
Event: 1.678 loading class sun/awt/X11/XMotionEvent done
Event: 1.922 Loaded shared library /tmp/lwjglheero/3.2.3-build-13/liblwjgl_opengl.so
Event: 1.922 Loaded shared library /tmp/lwjglheero/3.2.3-build-13/liblwjgl_opengl.so
Event: 2.017 Executing VM operation: HandshakeAllThreads
Event: 2.017 Executing VM operation: HandshakeAllThreads done
Event: 2.055 Loaded shared library /tmp/lwjglheero/3.2.3-build-13/liblwjgl_opengl.so
Event: 2.089 Loaded shared library /tmp/lwjglheero/3.2.3-build-13/liblwjgl_opengl.so
Event: 2.089 Loaded shared library /tmp/lwjglheero/3.2.3-build-13/liblwjgl_opengl.so
Event: 2.456 Loaded shared library /usr/lib/jvm/java-15-openjdk/lib/libawt_xawt.so
Event: 2.456 Loaded shared library /usr/lib/jvm/java-15-openjdk/lib/libawt_xawt.so


Dynamic libraries:
705a00000-706c00000 rw-p 00000000 00:00 0 
706c00000-713400000 ---p 00000000 00:00 0 
713400000-713800000 rw-p 00000000 00:00 0 
713800000-715400000 ---p 00000000 00:00 0 
715400000-715600000 rw-p 00000000 00:00 0 
715600000-800000000 ---p 00000000 00:00 0 
800000000-800220000 rw-p 00000000 00:00 0 
800220000-840000000 ---p 00000000 00:00 0 
558bcf7a6000-558bcf7a7000 r--p 00000000 103:03 3408574                   /usr/lib/jvm/java-15-openjdk/bin/java
558bcf7a7000-558bcf7a8000 r-xp 00001000 103:03 3408574                   /usr/lib/jvm/java-15-openjdk/bin/java
558bcf7a8000-558bcf7a9000 r--p 00002000 103:03 3408574                   /usr/lib/jvm/java-15-openjdk/bin/java
558bcf7a9000-558bcf7aa000 r--p 00002000 103:03 3408574                   /usr/lib/jvm/java-15-openjdk/bin/java
558bcf7aa000-558bcf7ab000 rw-p 00003000 103:03 3408574                   /usr/lib/jvm/java-15-openjdk/bin/java
558bcf988000-558bcf9a9000 rw-p 00000000 00:00 0                          [heap]
7fae60000000-7fae60021000 rw-p 00000000 00:00 0 
7fae60021000-7fae64000000 ---p 00000000 00:00 0 
7fae64000000-7fae64021000 rw-p 00000000 00:00 0 
7fae64021000-7fae68000000 ---p 00000000 00:00 0 
7fae68000000-7fae68021000 rw-p 00000000 00:00 0 
7fae68021000-7fae6c000000 ---p 00000000 00:00 0 
7fae6c000000-7fae6c021000 rw-p 00000000 00:00 0 
7fae6c021000-7fae70000000 ---p 00000000 00:00 0 
7fae70000000-7fae70021000 rw-p 00000000 00:00 0 
7fae70021000-7fae74000000 ---p 00000000 00:00 0 
7fae74000000-7fae74021000 rw-p 00000000 00:00 0 
7fae74021000-7fae78000000 ---p 00000000 00:00 0 
7fae78000000-7fae78021000 rw-p 00000000 00:00 0 
7fae78021000-7fae7c000000 ---p 00000000 00:00 0 
7fae7c000000-7fae7c021000 rw-p 00000000 00:00 0 
7fae7c021000-7fae80000000 ---p 00000000 00:00 0 
7fae80000000-7fae80232000 rw-p 00000000 00:00 0 
7fae80232000-7fae84000000 ---p 00000000 00:00 0 
7fae877ff000-7fae87800000 ---p 00000000 00:00 0 
7fae87800000-7fae88000000 rw-p 00000000 00:00 0 
7fae88000000-7fae88071000 rw-p 00000000 00:00 0 
7fae88071000-7fae8c000000 ---p 00000000 00:00 0 
7fae8c2cc000-7fae8c3cc000 rw-s 1213c4000 00:05 577                       /dev/dri/card0
7fae8c3cc000-7fae8c48c000 rw-p 00000000 00:00 0 
7fae8c48c000-7fae8c5cc000 ---p 00000000 00:00 0 
7fae8c5cc000-7fae8c7cc000 rw-s 117d81000 00:05 577                       /dev/dri/card0
7fae8c7cc000-7fae8c8cc000 rw-s 1234d1000 00:05 577                       /dev/dri/card0
7fae8c8cc000-7fae8cacc000 rw-p 00000000 00:00 0 
7fae8cacf000-7fae8cad4000 r--p 00000000 103:03 537447                    /usr/lib/libgpg-error.so.0.32.0
7fae8cad4000-7fae8cae9000 r-xp 00005000 103:03 537447                    /usr/lib/libgpg-error.so.0.32.0
7fae8cae9000-7fae8caf3000 r--p 0001a000 103:03 537447                    /usr/lib/libgpg-error.so.0.32.0
7fae8caf3000-7fae8caf4000 ---p 00024000 103:03 537447                    /usr/lib/libgpg-error.so.0.32.0
7fae8caf4000-7fae8caf5000 r--p 00024000 103:03 537447                    /usr/lib/libgpg-error.so.0.32.0
7fae8caf5000-7fae8caf6000 rw-p 00025000 103:03 537447                    /usr/lib/libgpg-error.so.0.32.0
7fae8caf6000-7fae8cb05000 r--p 00000000 103:03 537475                    /usr/lib/libgcrypt.so.20.3.2
7fae8cb05000-7fae8cbdc000 r-xp 0000f000 103:03 537475                    /usr/lib/libgcrypt.so.20.3.2
7fae8cbdc000-7fae8cc1d000 r--p 000e6000 103:03 537475                    /usr/lib/libgcrypt.so.20.3.2
7fae8cc1d000-7fae8cc1e000 ---p 00127000 103:03 537475                    /usr/lib/libgcrypt.so.20.3.2
7fae8cc1e000-7fae8cc21000 r--p 00127000 103:03 537475                    /usr/lib/libgcrypt.so.20.3.2
7fae8cc21000-7fae8cc27000 rw-p 0012a000 103:03 537475                    /usr/lib/libgcrypt.so.20.3.2
7fae8cc27000-7fae8cc28000 rw-p 00000000 00:00 0 
7fae8cc28000-7fae8cc2b000 r--p 00000000 103:03 537489                    /usr/lib/liblz4.so.1.9.3
7fae8cc2b000-7fae8cc46000 r-xp 00003000 103:03 537489                    /usr/lib/liblz4.so.1.9.3
7fae8cc46000-7fae8cc49000 r--p 0001e000 103:03 537489                    /usr/lib/liblz4.so.1.9.3
7fae8cc49000-7fae8cc4a000 r--p 00020000 103:03 537489                    /usr/lib/liblz4.so.1.9.3
7fae8cc4a000-7fae8cc4b000 rw-p 00021000 103:03 537489                    /usr/lib/liblz4.so.1.9.3
7fae8cc4b000-7fae8cc5e000 r--p 00000000 103:03 574621                    /usr/lib/libsystemd.so.0.31.0
7fae8cc5e000-7fae8ccd7000 r-xp 00013000 103:03 574621                    /usr/lib/libsystemd.so.0.31.0
7fae8ccd7000-7fae8ccfe000 r--p 0008c000 103:03 574621                    /usr/lib/libsystemd.so.0.31.0
7fae8ccfe000-7fae8cd02000 r--p 000b2000 103:03 574621                    /usr/lib/libsystemd.so.0.31.0
7fae8cd02000-7fae8cd03000 rw-p 000b6000 103:03 574621                    /usr/lib/libsystemd.so.0.31.0
7fae8cd03000-7fae8cd04000 rw-p 00000000 00:00 0 
7fae8cd04000-7fae8cd15000 r--p 00000000 103:03 557128                    /usr/lib/libatspi.so.0.0.1
7fae8cd15000-7fae8cd2c000 r-xp 00011000 103:03 557128                    /usr/lib/libatspi.so.0.0.1
7fae8cd2c000-7fae8cd3a000 r--p 00028000 103:03 557128                    /usr/lib/libatspi.so.0.0.1
7fae8cd3a000-7fae8cd3e000 r--p 00035000 103:03 557128                    /usr/lib/libatspi.so.0.0.1
7fae8cd3e000-7fae8cd3f000 rw-p 00039000 103:03 557128                    /usr/lib/libatspi.so.0.0.1
7fae8cd3f000-7fae8cd4d000 r--p 00000000 103:03 538366                    /usr/lib/libdbus-1.so.3.19.13
7fae8cd4d000-7fae8cd7c000 r-xp 0000e000 103:03 538366                    /usr/lib/libdbus-1.so.3.19.13
7fae8cd7c000-7fae8cd91000 r--p 0003d000 103:03 538366                    /usr/lib/libdbus-1.so.3.19.13
7fae8cd91000-7fae8cd93000 r--p 00051000 103:03 538366                    /usr/lib/libdbus-1.so.3.19.13
7fae8cd93000-7fae8cd94000 rw-p 00053000 103:03 538366                    /usr/lib/libdbus-1.so.3.19.13
7fae8cd94000-7fae8cd9e000 r--p 00000000 103:03 554497                    /usr/lib/libtiff.so.5.6.0
7fae8cd9e000-7fae8cdef000 r-xp 0000a000 103:03 554497                    /usr/lib/libtiff.so.5.6.0
7fae8cdef000-7fae8ce1f000 r--p 0005b000 103:03 554497                    /usr/lib/libtiff.so.5.6.0
7fae8ce1f000-7fae8ce20000 ---p 0008b000 103:03 554497                    /usr/lib/libtiff.so.5.6.0
7fae8ce20000-7fae8ce24000 r--p 0008b000 103:03 554497                    /usr/lib/libtiff.so.5.6.0
7fae8ce24000-7fae8ce28000 rw-p 0008f000 103:03 554497                    /usr/lib/libtiff.so.5.6.0
7fae8ce28000-7fae8ce33000 r--p 00000000 103:03 554409                    /usr/lib/libpixman-1.so.0.40.0
7fae8ce33000-7fae8ceb5000 r-xp 0000b000 103:03 554409                    /usr/lib/libpixman-1.so.0.40.0
7fae8ceb5000-7fae8cec7000 r--p 0008d000 103:03 554409                    /usr/lib/libpixman-1.so.0.40.0
7fae8cec7000-7fae8cecf000 r--p 0009e000 103:03 554409                    /usr/lib/libpixman-1.so.0.40.0
7fae8cecf000-7fae8ced0000 rw-p 000a6000 103:03 554409                    /usr/lib/libpixman-1.so.0.40.0
7fae8ced0000-7fae8cf2e000 r--p 00000000 103:03 571364                    /usr/lib/libepoxy.so.0.0.0
7fae8cf2e000-7fae8cf95000 r-xp 0005e000 103:03 571364                    /usr/lib/libepoxy.so.0.0.0
7fae8cf95000-7fae8cff2000 r--p 000c5000 103:03 571364                    /usr/lib/libepoxy.so.0.0.0
7fae8cff2000-7fae8cffa000 r--p 00121000 103:03 571364                    /usr/lib/libepoxy.so.0.0.0
7fae8cffa000-7fae8d001000 rw-p 00129000 103:03 571364                    /usr/lib/libepoxy.so.0.0.0
7fae8d001000-7fae8d013000 r--p 00000000 103:03 554438                    /usr/lib/libcairo.so.2.11704.0
7fae8d013000-7fae8d0e5000 r-xp 00012000 103:03 554438                    /usr/lib/libcairo.so.2.11704.0
7fae8d0e5000-7fae8d11a000 r--p 000e4000 103:03 554438                    /usr/lib/libcairo.so.2.11704.0
7fae8d11a000-7fae8d11e000 r--p 00118000 103:03 554438                    /usr/lib/libcairo.so.2.11704.0
7fae8d11e000-7fae8d11f000 rw-p 0011c000 103:03 554438                    /usr/lib/libcairo.so.2.11704.0
7fae8d11f000-7fae8d120000 rw-p 00000000 00:00 0 
7fae8d120000-7fae8d14b000 r--p 00000000 103:03 557354                    /usr/lib/libgdk-3.so.0.2404.24
7fae8d14b000-7fae8d1d9000 r-xp 0002b000 103:03 557354                    /usr/lib/libgdk-3.so.0.2404.24
7fae8d1d9000-7fae8d225000 r--p 000b9000 103:03 557354                    /usr/lib/libgdk-3.so.0.2404.24
7fae8d225000-7fae8d22e000 r--p 00104000 103:03 557354                    /usr/lib/libgdk-3.so.0.2404.24
7fae8d22e000-7fae8d230000 rw-p 0010d000 103:03 557354                    /usr/lib/libgdk-3.so.0.2404.24
7fae8d230000-7fae8d231000 rw-p 00000000 00:00 0 
7fae8d231000-7fae8d2b5000 r--p 00000000 103:03 557359                    /usr/lib/libgtk-3.so.0.2404.24
7fae8d2b5000-7fae8d692000 r-xp 00084000 103:03 557359                    /usr/lib/libgtk-3.so.0.2404.24
7fae8d692000-7fae8da1c000 r--p 00461000 103:03 557359                    /usr/lib/libgtk-3.so.0.2404.24
7fae8da1c000-7fae8da1d000 ---p 007eb000 103:03 557359                    /usr/lib/libgtk-3.so.0.2404.24
7fae8da1d000-7fae8da2d000 r--p 007eb000 103:03 557359                    /usr/lib/libgtk-3.so.0.2404.24
7fae8da2d000-7fae8da2f000 rw-p 007fb000 103:03 557359                    /usr/lib/libgtk-3.so.0.2404.24
7fae8da2f000-7fae8da34000 rw-p 00000000 00:00 0 
7fae8ddf8000-7fae8ddf9000 ---p 00000000 00:00 0 
7fae8ddf9000-7fae8defa000 rw-p 00000000 00:00 0 
7fae8defa000-7fae8defb000 ---p 00000000 00:00 0 
7fae8defb000-7fae8dffc000 rw-p 00000000 00:00 0 
7fae8dffc000-7fae8dffd000 ---p 00000000 00:00 0 
7fae8dffd000-7fae8e7fd000 rw-p 00000000 00:00 0 
7fae8e7fd000-7fae8e7fe000 ---p 00000000 00:00 0 
7fae8e7fe000-7fae8effe000 rw-p 00000000 00:00 0 
7fae8effe000-7fae8efff000 ---p 00000000 00:00 0 
7fae8efff000-7fae8f7ff000 rw-p 00000000 00:00 0 
7fae8f7ff000-7fae8f800000 ---p 00000000 00:00 0 
7fae8f800000-7fae90000000 rw-p 00000000 00:00 0 
7fae90000000-7fae90071000 rw-p 00000000 00:00 0 
7fae90071000-7fae94000000 ---p 00000000 00:00 0 
7fae94000000-7fae94071000 rw-p 00000000 00:00 0 
7fae94071000-7fae98000000 ---p 00000000 00:00 0 
7fae98000000-7fae98076000 rw-p 00000000 00:00 0 
7fae98076000-7fae9c000000 ---p 00000000 00:00 0 
7fae9c000000-7fae9c071000 rw-p 00000000 00:00 0 
7fae9c071000-7faea0000000 ---p 00000000 00:00 0 
7faea0000000-7faea0074000 rw-p 00000000 00:00 0 
7faea0074000-7faea4000000 ---p 00000000 00:00 0 
7faea4000000-7faea407f000 rw-p 00000000 00:00 0 
7faea407f000-7faea8000000 ---p 00000000 00:00 0 
7faea8000000-7faea8070000 rw-p 00000000 00:00 0 
7faea8070000-7faeac000000 ---p 00000000 00:00 0 
7faeac000000-7faeac087000 rw-p 00000000 00:00 0 
7faeac087000-7faeb0000000 ---p 00000000 00:00 0 
7faeb001a000-7faeb001e000 r--p 00000000 103:03 554450                    /usr/lib/libjpeg.so.8.2.2
7faeb001e000-7faeb0061000 r-xp 00004000 103:03 554450                    /usr/lib/libjpeg.so.8.2.2
7faeb0061000-7faeb009b000 r--p 00047000 103:03 554450                    /usr/lib/libjpeg.so.8.2.2
7faeb009b000-7faeb009c000 ---p 00081000 103:03 554450                    /usr/lib/libjpeg.so.8.2.2
7faeb009c000-7faeb009d000 r--p 00081000 103:03 554450                    /usr/lib/libjpeg.so.8.2.2
7faeb009d000-7faeb009e000 rw-p 00082000 103:03 554450                    /usr/lib/libjpeg.so.8.2.2
7faeb009e000-7faeb00a4000 r--p 00000000 103:03 550902                    /usr/lib/libxcb-render.so.0.0.0
7faeb00a4000-7faeb00a9000 r-xp 00006000 103:03 550902                    /usr/lib/libxcb-render.so.0.0.0
7faeb00a9000-7faeb00ab000 r--p 0000b000 103:03 550902                    /usr/lib/libxcb-render.so.0.0.0
7faeb00ab000-7faeb00ac000 ---p 0000d000 103:03 550902                    /usr/lib/libxcb-render.so.0.0.0
7faeb00ac000-7faeb00ad000 r--p 0000d000 103:03 550902                    /usr/lib/libxcb-render.so.0.0.0
7faeb00ad000-7faeb00ae000 rw-p 0000e000 103:03 550902                    /usr/lib/libxcb-render.so.0.0.0
7faeb00ae000-7faeb00b3000 r--p 00000000 103:03 574793                    /usr/lib/libxkbcommon.so.0.0.0
7faeb00b3000-7faeb00d2000 r-xp 00005000 103:03 574793                    /usr/lib/libxkbcommon.so.0.0.0
7faeb00d2000-7faeb00f3000 r--p 00024000 103:03 574793                    /usr/lib/libxkbcommon.so.0.0.0
7faeb00f3000-7faeb00f5000 r--p 00044000 103:03 574793                    /usr/lib/libxkbcommon.so.0.0.0
7faeb00f5000-7faeb00f6000 rw-p 00046000 103:03 574793                    /usr/lib/libxkbcommon.so.0.0.0
7faeb00f6000-7faeb00f7000 ---p 00000000 00:00 0 
7faeb00f7000-7faeb03e4000 rw-p 00000000 00:00 0 
7faeb03e4000-7faeb03f8000 ---p 00000000 00:00 0 
7faeb03f9000-7faeb07f9000 rw-s 12c575000 00:05 577                       /dev/dri/card0
7faeb07f9000-7faeb07fa000 ---p 00000000 00:00 0 
7faeb07fa000-7faeb0ffa000 rw-p 00000000 00:00 0 
7faeb0ffa000-7faeb0ffb000 ---p 00000000 00:00 0 
7faeb0ffb000-7faeb17fb000 rw-p 00000000 00:00 0 
7faeb17fb000-7faeb17fc000 ---p 00000000 00:00 0 
7faeb17fc000-7faeb1ffc000 rw-p 00000000 00:00 0 
7faeb1ffc000-7faeb1ffd000 ---p 00000000 00:00 0 
7faeb1ffd000-7faeb27fd000 rw-p 00000000 00:00 0 
7faeb27fd000-7faeb27fe000 ---p 00000000 00:00 0 
7faeb27fe000-7faeb2ffe000 rw-p 00000000 00:00 0 
7faeb2ffe000-7faeb2fff000 ---p 00000000 00:00 0 
7faeb2fff000-7faeb37ff000 rw-p 00000000 00:00 0 
7faeb37ff000-7faeb3800000 ---p 00000000 00:00 0 
7faeb3800000-7faeb4000000 rw-p 00000000 00:00 0 
7faeb4000000-7faeb4021000 rw-p 00000000 00:00 0 
7faeb4021000-7faeb8000000 ---p 00000000 00:00 0 
7faeb8000000-7faeb8021000 rw-p 00000000 00:00 0 
7faeb8021000-7faebc000000 ---p 00000000 00:00 0 
7faebc000000-7faebc021000 rw-p 00000000 00:00 0 
7faebc021000-7faec0000000 ---p 00000000 00:00 0 
7faec0000000-7faec0021000 rw-p 00000000 00:00 0 
7faec0021000-7faec4000000 ---p 00000000 00:00 0 
7faec4000000-7faec4021000 rw-p 00000000 00:00 0 
7faec4021000-7faec8000000 ---p 00000000 00:00 0 
7faec8002000-7faec8004000 r--p 00000000 103:03 554810                    /usr/lib/libdatrie.so.1.4.0
7faec8004000-7faec8008000 r-xp 00002000 103:03 554810                    /usr/lib/libdatrie.so.1.4.0
7faec8008000-7faec800a000 r--p 00006000 103:03 554810                    /usr/lib/libdatrie.so.1.4.0
7faec800a000-7faec800b000 r--p 00007000 103:03 554810                    /usr/lib/libdatrie.so.1.4.0
7faec800b000-7faec800c000 rw-p 00008000 103:03 554810                    /usr/lib/libdatrie.so.1.4.0
7faec800c000-7faec800e000 r--p 00000000 103:03 554815                    /usr/lib/libthai.so.0.3.1
7faec800e000-7faec8012000 r-xp 00002000 103:03 554815                    /usr/lib/libthai.so.0.3.1
7faec8012000-7faec8015000 r--p 00006000 103:03 554815                    /usr/lib/libthai.so.0.3.1
7faec8015000-7faec8016000 r--p 00008000 103:03 554815                    /usr/lib/libthai.so.0.3.1
7faec8016000-7faec8017000 rw-p 00009000 103:03 554815                    /usr/lib/libthai.so.0.3.1
7faec8017000-7faec8018000 r--p 00000000 103:03 557792                    /usr/lib/libXdamage.so.1.1.0
7faec8018000-7faec8019000 r-xp 00001000 103:03 557792                    /usr/lib/libXdamage.so.1.1.0
7faec8019000-7faec801a000 r--p 00002000 103:03 557792                    /usr/lib/libXdamage.so.1.1.0
7faec801a000-7faec801b000 r--p 00002000 103:03 557792                    /usr/lib/libXdamage.so.1.1.0
7faec801b000-7faec801c000 rw-p 00003000 103:03 557792                    /usr/lib/libXdamage.so.1.1.0
7faec801c000-7faec801d000 r--p 00000000 103:03 541058                    /usr/lib/libwayland-cursor.so.0.0.0
7faec801d000-7faec801f000 r-xp 00001000 103:03 541058                    /usr/lib/libwayland-cursor.so.0.0.0
7faec801f000-7faec8020000 r--p 00003000 103:03 541058                    /usr/lib/libwayland-cursor.so.0.0.0
7faec8020000-7faec8021000 r--p 00003000 103:03 541058                    /usr/lib/libwayland-cursor.so.0.0.0
7faec8021000-7faec8025000 rw-p 00004000 103:03 541058                    /usr/lib/libwayland-cursor.so.0.0.0
7faec8025000-7faec802b000 r--p 00000000 103:03 540934                    /usr/lib/libwayland-client.so.0.3.0
7faec802b000-7faec8031000 r-xp 00006000 103:03 540934                    /usr/lib/libwayland-client.so.0.3.0
7faec8031000-7faec8034000 r--p 0000c000 103:03 540934                    /usr/lib/libwayland-client.so.0.3.0
7faec8034000-7faec8036000 r--p 0000e000 103:03 540934                    /usr/lib/libwayland-client.so.0.3.0
7faec8036000-7faec8037000 rw-p 00010000 103:03 540934                    /usr/lib/libwayland-client.so.0.3.0
7faec8037000-7faec803e000 r--p 00000000 103:03 571395                    /usr/lib/libcloudproviders.so.0.3.1
7faec803e000-7faec8047000 r-xp 00007000 103:03 571395                    /usr/lib/libcloudproviders.so.0.3.1
7faec8047000-7faec804c000 r--p 00010000 103:03 571395                    /usr/lib/libcloudproviders.so.0.3.1
7faec804c000-7faec804d000 ---p 00015000 103:03 571395                    /usr/lib/libcloudproviders.so.0.3.1
7faec804d000-7faec804e000 r--p 00015000 103:03 571395                    /usr/lib/libcloudproviders.so.0.3.1
7faec804e000-7faec804f000 rw-p 00016000 103:03 571395                    /usr/lib/libcloudproviders.so.0.3.1
7faec804f000-7faec805b000 r--p 00000000 103:03 571372                    /usr/lib/libatk-bridge-2.0.so.0.0.0
7faec805b000-7faec8072000 r-xp 0000c000 103:03 571372                    /usr/lib/libatk-bridge-2.0.so.0.0.0
7faec8072000-7faec8081000 r--p 00023000 103:03 571372                    /usr/lib/libatk-bridge-2.0.so.0.0.0
7faec8081000-7faec8083000 r--p 00031000 103:03 571372                    /usr/lib/libatk-bridge-2.0.so.0.0.0
7faec8083000-7faec8085000 rw-p 00033000 103:03 571372                    /usr/lib/libatk-bridge-2.0.so.0.0.0
7faec8085000-7faec8090000 r--p 00000000 103:03 555472                    /usr/lib/libatk-1.0.so.0.23609.1
7faec8090000-7faec809e000 r-xp 0000b000 103:03 555472                    /usr/lib/libatk-1.0.so.0.23609.1
7faec809e000-7faec80aa000 r--p 00019000 103:03 555472                    /usr/lib/libatk-1.0.so.0.23609.1
7faec80aa000-7faec80ad000 r--p 00024000 103:03 555472                    /usr/lib/libatk-1.0.so.0.23609.1
7faec80ad000-7faec80ae000 rw-p 00027000 103:03 555472                    /usr/lib/libatk-1.0.so.0.23609.1
7faec80ae000-7faec80b7000 r--p 00000000 103:03 554663                    /usr/lib/libgdk_pixbuf-2.0.so.0.4200.6
7faec80b7000-7faec80e0000 r-xp 00009000 103:03 554663                    /usr/lib/libgdk_pixbuf-2.0.so.0.4200.6
7faec80e0000-7faec80f1000 r--p 00032000 103:03 554663                    /usr/lib/libgdk_pixbuf-2.0.so.0.4200.6
7faec80f1000-7faec80f3000 r--p 00042000 103:03 554663                    /usr/lib/libgdk_pixbuf-2.0.so.0.4200.6
7faec80f3000-7faec80f4000 rw-p 00044000 103:03 554663                    /usr/lib/libgdk_pixbuf-2.0.so.0.4200.6
7faec80f4000-7faec80f5000 ---p 00000000 00:00 0 
7faec80f5000-7faec81f6000 rw-p 00000000 00:00 0 
7faec81f6000-7faec81f7000 ---p 00000000 00:00 0 
7faec81f7000-7faec89f7000 rw-p 00000000 00:00 0 
7faec89f7000-7faec89f8000 ---p 00000000 00:00 0 
7faec89f8000-7faec91f8000 rw-p 00000000 00:00 0 
7faec91f8000-7faec91f9000 ---p 00000000 00:00 0 
7faec91f9000-7faec99f9000 rw-p 00000000 00:00 0 
7faec99f9000-7faec99fa000 ---p 00000000 00:00 0 
7faec99fa000-7faeca1fa000 rw-p 00000000 00:00 0 
7faeca1fa000-7faeca1fb000 ---p 00000000 00:00 0 
7faeca1fb000-7faeca9fb000 rw-p 00000000 00:00 0 
7faeca9fb000-7faeca9fc000 ---p 00000000 00:00 0 
7faeca9fc000-7faecb1fc000 rw-p 00000000 00:00 0 
7faecb1fc000-7faeccd3c000 r--p 00000000 103:03 541187                    /usr/lib/libicudata.so.68.2
7faeccd3c000-7faeccd3d000 r--p 01b3f000 103:03 541187                    /usr/lib/libicudata.so.68.2
7faeccd3d000-7faecd595000 r--p 00000000 103:03 546521                    /usr/lib/libLLVM-11.so
7faecd595000-7faed06f4000 r-xp 00858000 103:03 546521                    /usr/lib/libLLVM-11.so
7faed06f4000-7faed22dd000 r--p 039b7000 103:03 546521                    /usr/lib/libLLVM-11.so
7faed22dd000-7faed2724000 r--p 0559f000 103:03 546521                    /usr/lib/libLLVM-11.so
7faed2724000-7faed272e000 rw-p 059e6000 103:03 546521                    /usr/lib/libLLVM-11.so
7faed272e000-7faed279c000 rw-p 00000000 00:00 0 
7faed279c000-7faed28b1000 r--p 00000000 103:03 792646                    /usr/lib/dri/radeonsi_dri.so
7faed28b1000-7faed37f9000 r-xp 00115000 103:03 792646                    /usr/lib/dri/radeonsi_dri.so
7faed37f9000-7faed3c39000 r--p 0105d000 103:03 792646                    /usr/lib/dri/radeonsi_dri.so
7faed3c39000-7faed3d36000 r--p 0149c000 103:03 792646                    /usr/lib/dri/radeonsi_dri.so
7faed3d36000-7faed3dcb000 rw-p 01599000 103:03 792646                    /usr/lib/dri/radeonsi_dri.so
7faed3dcb000-7faed4000000 rw-p 00000000 00:00 0 
7faed4000000-7faed4f3d000 rw-p 00000000 00:00 0 
7faed4f3d000-7faed8000000 ---p 00000000 00:00 0 
7faed8000000-7faed8239000 rw-p 00000000 00:00 0 
7faed8239000-7faedc000000 ---p 00000000 00:00 0 
7faedc000000-7faedc021000 rw-p 00000000 00:00 0 
7faedc021000-7faee0000000 ---p 00000000 00:00 0 
7faee0000000-7faee0021000 rw-p 00000000 00:00 0 
7faee0021000-7faee4000000 ---p 00000000 00:00 0 
7faee4000000-7faee4021000 rw-p 00000000 00:00 0 
7faee4021000-7faee8000000 ---p 00000000 00:00 0 
7faee8000000-7faee8021000 rw-p 00000000 00:00 0 
7faee8021000-7faeec000000 ---p 00000000 00:00 0 
7faeec000000-7faeec021000 rw-p 00000000 00:00 0 
7faeec021000-7faef0000000 ---p 00000000 00:00 0 
7faef0000000-7faef0021000 rw-p 00000000 00:00 0 
7faef0021000-7faef4000000 ---p 00000000 00:00 0 
7faef4000000-7faef4021000 rw-p 00000000 00:00 0 
7faef4021000-7faef8000000 ---p 00000000 00:00 0 
7faef8000000-7faef8021000 rw-p 00000000 00:00 0 
7faef8021000-7faefc000000 ---p 00000000 00:00 0 
7faefc000000-7faefc021000 rw-p 00000000 00:00 0 
7faefc021000-7faf00000000 ---p 00000000 00:00 0 
7faf00000000-7faf00021000 rw-p 00000000 00:00 0 
7faf00021000-7faf04000000 ---p 00000000 00:00 0 
7faf04000000-7faf04021000 rw-p 00000000 00:00 0 
7faf04021000-7faf08000000 ---p 00000000 00:00 0 
7faf08000000-7faf08021000 rw-p 00000000 00:00 0 
7faf08021000-7faf0c000000 ---p 00000000 00:00 0 
7faf0c002000-7faf0c003000 r--p 00000000 103:03 541118                    /usr/lib/libwayland-egl.so.1.0.0
7faf0c003000-7faf0c004000 r-xp 00001000 103:03 541118                    /usr/lib/libwayland-egl.so.1.0.0
7faf0c004000-7faf0c005000 r--p 00002000 103:03 541118                    /usr/lib/libwayland-egl.so.1.0.0
7faf0c005000-7faf0c006000 r--p 00002000 103:03 541118                    /usr/lib/libwayland-egl.so.1.0.0
7faf0c006000-7faf0c007000 rw-p 00003000 103:03 541118                    /usr/lib/libwayland-egl.so.1.0.0
7faf0c007000-7faf0c00b000 r--p 00000000 103:03 554428                    /usr/lib/libcairo-gobject.so.2.11704.0
7faf0c00b000-7faf0c00d000 r-xp 00004000 103:03 554428                    /usr/lib/libcairo-gobject.so.2.11704.0
7faf0c00d000-7faf0c00f000 r--p 00006000 103:03 554428                    /usr/lib/libcairo-gobject.so.2.11704.0
7faf0c00f000-7faf0c010000 ---p 00008000 103:03 554428                    /usr/lib/libcairo-gobject.so.2.11704.0
7faf0c010000-7faf0c012000 r--p 00008000 103:03 554428                    /usr/lib/libcairo-gobject.so.2.11704.0
7faf0c012000-7faf0c013000 rw-p 0000a000 103:03 554428                    /usr/lib/libcairo-gobject.so.2.11704.0
7faf0c013000-7faf0c015000 r--p 00000000 103:03 569579                    /usr/lib/libfribidi.so.0.4.0
7faf0c015000-7faf0c01a000 r-xp 00002000 103:03 569579                    /usr/lib/libfribidi.so.0.4.0
7faf0c01a000-7faf0c030000 r--p 00007000 103:03 569579                    /usr/lib/libfribidi.so.0.4.0
7faf0c030000-7faf0c031000 r--p 0001c000 103:03 569579                    /usr/lib/libfribidi.so.0.4.0
7faf0c031000-7faf0c032000 rw-p 0001d000 103:03 569579                    /usr/lib/libfribidi.so.0.4.0
7faf0c032000-7faf0c03a000 r--p 00000000 103:03 554178                    /usr/lib/libfontconfig.so.1.12.0
7faf0c03a000-7faf0c066000 r-xp 00008000 103:03 554178                    /usr/lib/libfontconfig.so.1.12.0
7faf0c066000-7faf0c07d000 r--p 00034000 103:03 554178                    /usr/lib/libfontconfig.so.1.12.0
7faf0c07d000-7faf0c07e000 ---p 0004b000 103:03 554178                    /usr/lib/libfontconfig.so.1.12.0
7faf0c07e000-7faf0c080000 r--p 0004b000 103:03 554178                    /usr/lib/libfontconfig.so.1.12.0
7faf0c080000-7faf0c081000 rw-p 0004d000 103:03 554178                    /usr/lib/libfontconfig.so.1.12.0
7faf0c081000-7faf0c088000 r--p 00000000 103:03 574727                    /usr/lib/libpangoft2-1.0.so.0.4800.4
7faf0c088000-7faf0c093000 r-xp 00007000 103:03 574727                    /usr/lib/libpangoft2-1.0.so.0.4800.4
7faf0c093000-7faf0c097000 r--p 00012000 103:03 574727                    /usr/lib/libpangoft2-1.0.so.0.4800.4
7faf0c097000-7faf0c098000 ---p 00016000 103:03 574727                    /usr/lib/libpangoft2-1.0.so.0.4800.4
7faf0c098000-7faf0c099000 r--p 00016000 103:03 574727                    /usr/lib/libpangoft2-1.0.so.0.4800.4
7faf0c099000-7faf0c09a000 rw-p 00017000 103:03 574727                    /usr/lib/libpangoft2-1.0.so.0.4800.4
7faf0c09a000-7faf0c0a9000 r--p 00000000 103:03 569598                    /usr/lib/libpango-1.0.so.0.4800.4
7faf0c0a9000-7faf0c0d0000 r-xp 0000f000 103:03 569598                    /usr/lib/libpango-1.0.so.0.4800.4
7faf0c0d0000-7faf0c0e7000 r--p 00036000 103:03 569598                    /usr/lib/libpango-1.0.so.0.4800.4
7faf0c0e7000-7faf0c0e8000 ---p 0004d000 103:03 569598                    /usr/lib/libpango-1.0.so.0.4800.4
7faf0c0e8000-7faf0c0eb000 r--p 0004d000 103:03 569598                    /usr/lib/libpango-1.0.so.0.4800.4
7faf0c0eb000-7faf0c0ec000 rw-p 00050000 103:03 569598                    /usr/lib/libpango-1.0.so.0.4800.4
7faf0c0ec000-7faf0c0f1000 r--p 00000000 103:03 574724                    /usr/lib/libpangocairo-1.0.so.0.4800.4
7faf0c0f1000-7faf0c0f8000 r-xp 00005000 103:03 574724                    /usr/lib/libpangocairo-1.0.so.0.4800.4
7faf0c0f8000-7faf0c0fa000 r--p 0000c000 103:03 574724                    /usr/lib/libpangocairo-1.0.so.0.4800.4
7faf0c0fa000-7faf0c0fb000 ---p 0000e000 103:03 574724                    /usr/lib/libpangocairo-1.0.so.0.4800.4
7faf0c0fb000-7faf0c0fc000 r--p 0000e000 103:03 574724                    /usr/lib/libpangocairo-1.0.so.0.4800.4
7faf0c0fc000-7faf0c0fd000 rw-p 0000f000 103:03 574724                    /usr/lib/libpangocairo-1.0.so.0.4800.4
7faf0c0fd000-7faf0c2fd000 rw-s 12cc05000 00:05 577                       /dev/dri/card0
7faf0c2fd000-7faf0c4fd000 rw-s 125f65000 00:05 577                       /dev/dri/card0
7faf0c4fd000-7faf0c6fd000 rw-s 10a0e8000 00:05 577                       /dev/dri/card0
7faf0c6fd000-7faf0c83e000 rw-s 00000000 103:04 11405080                  /home/heero/.cache/mesa_shader_cache/index
7faf0c83e000-7faf0c83f000 ---p 00000000 00:00 0 
7faf0c83f000-7faf0d03f000 rw-p 00000000 00:00 0 
7faf0d03f000-7faf0d042000 r--p 00000000 103:03 537520                    /usr/lib/liblzma.so.5.2.5
7faf0d042000-7faf0d059000 r-xp 00003000 103:03 537520                    /usr/lib/liblzma.so.5.2.5
7faf0d059000-7faf0d064000 r--p 0001a000 103:03 537520                    /usr/lib/liblzma.so.5.2.5
7faf0d064000-7faf0d065000 ---p 00025000 103:03 537520                    /usr/lib/liblzma.so.5.2.5
7faf0d065000-7faf0d066000 r--p 00025000 103:03 537520                    /usr/lib/liblzma.so.5.2.5
7faf0d066000-7faf0d067000 rw-p 00026000 103:03 537520                    /usr/lib/liblzma.so.5.2.5
7faf0d067000-7faf0d0cc000 r--p 00000000 103:03 541206                    /usr/lib/libicuuc.so.68.2
7faf0d0cc000-7faf0d1b8000 r-xp 00065000 103:03 541206                    /usr/lib/libicuuc.so.68.2
7faf0d1b8000-7faf0d240000 r--p 00151000 103:03 541206                    /usr/lib/libicuuc.so.68.2
7faf0d240000-7faf0d253000 r--p 001d8000 103:03 541206                    /usr/lib/libicuuc.so.68.2
7faf0d253000-7faf0d254000 rw-p 001eb000 103:03 541206                    /usr/lib/libicuuc.so.68.2
7faf0d254000-7faf0d256000 rw-p 00000000 00:00 0 
7faf0d256000-7faf0d284000 r--p 00000000 103:03 541224                    /usr/lib/libxml2.so.2.9.10
7faf0d284000-7faf0d36d000 r-xp 0002e000 103:03 541224                    /usr/lib/libxml2.so.2.9.10
7faf0d36d000-7faf0d3b8000 r--p 00117000 103:03 541224                    /usr/lib/libxml2.so.2.9.10
7faf0d3b8000-7faf0d3c1000 r--p 00161000 103:03 541224                    /usr/lib/libxml2.so.2.9.10
7faf0d3c1000-7faf0d3c2000 rw-p 0016a000 103:03 541224                    /usr/lib/libxml2.so.2.9.10
7faf0d3c2000-7faf0d3c4000 rw-p 00000000 00:00 0 
7faf0d3c4000-7faf0d3db000 r--p 00000000 103:03 528557                    /usr/lib/libncursesw.so.6.2
7faf0d3db000-7faf0d417000 r-xp 00017000 103:03 528557                    /usr/lib/libncursesw.so.6.2
7faf0d417000-7faf0d42f000 r--p 00053000 103:03 528557                    /usr/lib/libncursesw.so.6.2
7faf0d42f000-7faf0d434000 r--p 0006a000 103:03 528557                    /usr/lib/libncursesw.so.6.2
7faf0d434000-7faf0d435000 rw-p 0006f000 103:03 528557                    /usr/lib/libncursesw.so.6.2
7faf0d435000-7faf0d43e000 r--p 00000000 103:03 556853                    /usr/lib/libedit.so.0.0.64
7faf0d43e000-7faf0d45b000 r-xp 00009000 103:03 556853                    /usr/lib/libedit.so.0.0.64
7faf0d45b000-7faf0d469000 r--p 00026000 103:03 556853                    /usr/lib/libedit.so.0.0.64
7faf0d469000-7faf0d46a000 ---p 00034000 103:03 556853                    /usr/lib/libedit.so.0.0.64
7faf0d46a000-7faf0d46c000 r--p 00034000 103:03 556853                    /usr/lib/libedit.so.0.0.64
7faf0d46c000-7faf0d46d000 rw-p 00036000 103:03 556853                    /usr/lib/libedit.so.0.0.64
7faf0d46d000-7faf0d470000 rw-p 00000000 00:00 0 
7faf0d470000-7faf0d485000 r--p 00000000 103:03 574661                    /usr/lib/libvulkan.so.1.2.172
7faf0d485000-7faf0d4b7000 r-xp 00015000 103:03 574661                    /usr/lib/libvulkan.so.1.2.172
7faf0d4b7000-7faf0d4cb000 r--p 00047000 103:03 574661                    /usr/lib/libvulkan.so.1.2.172
7faf0d4cb000-7faf0d4cc000 ---p 0005b000 103:03 574661                    /usr/lib/libvulkan.so.1.2.172
7faf0d4cc000-7faf0d4cf000 r--p 0005b000 103:03 574661                    /usr/lib/libvulkan.so.1.2.172
7faf0d4cf000-7faf0d4d0000 rw-p 0005e000 103:03 574661                    /usr/lib/libvulkan.so.1.2.172
7faf0d4d0000-7faf0d4d2000 r--p 00000000 103:03 556707                    /usr/lib/libdrm_nouveau.so.2.0.0
7faf0d4d2000-7faf0d4d6000 r-xp 00002000 103:03 556707                    /usr/lib/libdrm_nouveau.so.2.0.0
7faf0d4d6000-7faf0d4d8000 r--p 00006000 103:03 556707                    /usr/lib/libdrm_nouveau.so.2.0.0
7faf0d4d8000-7faf0d4d9000 r--p 00007000 103:03 556707                    /usr/lib/libdrm_nouveau.so.2.0.0
7faf0d4d9000-7faf0d4da000 rw-p 00008000 103:03 556707                    /usr/lib/libdrm_nouveau.so.2.0.0
7faf0d4da000-7faf0d4dd000 r--p 00000000 103:03 556679                    /usr/lib/libdrm_amdgpu.so.1.0.0
7faf0d4dd000-7faf0d4e2000 r-xp 00003000 103:03 556679                    /usr/lib/libdrm_amdgpu.so.1.0.0
7faf0d4e2000-7faf0d4e4000 r--p 00008000 103:03 556679                    /usr/lib/libdrm_amdgpu.so.1.0.0
7faf0d4e4000-7faf0d4e5000 r--p 00009000 103:03 556679                    /usr/lib/libdrm_amdgpu.so.1.0.0
7faf0d4e5000-7faf0d4e6000 rw-p 0000a000 103:03 556679                    /usr/lib/libdrm_amdgpu.so.1.0.0
7faf0d4e6000-7faf0d4e9000 r--p 00000000 103:03 539095                    /usr/lib/libelf-0.183.so
7faf0d4e9000-7faf0d4f9000 r-xp 00003000 103:03 539095                    /usr/lib/libelf-0.183.so
7faf0d4f9000-7faf0d4fd000 r--p 00013000 103:03 539095                    /usr/lib/libelf-0.183.so
7faf0d4fd000-7faf0d4fe000 ---p 00017000 103:03 539095                    /usr/lib/libelf-0.183.so
7faf0d4fe000-7faf0d4ff000 r--p 00017000 103:03 539095                    /usr/lib/libelf-0.183.so
7faf0d4ff000-7faf0d500000 rw-p 00018000 103:03 539095                    /usr/lib/libelf-0.183.so
7faf0d500000-7faf0d502000 r--p 00000000 103:03 562932                    /usr/lib/libdrm_radeon.so.1.0.1
7faf0d502000-7faf0d509000 r-xp 00002000 103:03 562932                    /usr/lib/libdrm_radeon.so.1.0.1
7faf0d509000-7faf0d50d000 r--p 00009000 103:03 562932                    /usr/lib/libdrm_radeon.so.1.0.1
7faf0d50d000-7faf0d50e000 r--p 0000c000 103:03 562932                    /usr/lib/libdrm_radeon.so.1.0.1
7faf0d50e000-7faf0d50f000 rw-p 0000d000 103:03 562932                    /usr/lib/libdrm_radeon.so.1.0.1
7faf0d50f000-7faf0d512000 r--p 00000000 103:03 556918                    /usr/lib/libsensors.so.5.0.0
7faf0d512000-7faf0d519000 r-xp 00003000 103:03 556918                    /usr/lib/libsensors.so.5.0.0
7faf0d519000-7faf0d51e000 r--p 0000a000 103:03 556918                    /usr/lib/libsensors.so.5.0.0
7faf0d51e000-7faf0d51f000 r--p 0000e000 103:03 556918                    /usr/lib/libsensors.so.5.0.0
7faf0d51f000-7faf0d520000 rw-p 0000f000 103:03 556918                    /usr/lib/libsensors.so.5.0.0
7faf0d520000-7faf0d525000 r--p 00000000 103:03 541657                    /usr/lib/libzstd.so.1.4.9
7faf0d525000-7faf0d5e5000 r-xp 00005000 103:03 541657                    /usr/lib/libzstd.so.1.4.9
7faf0d5e5000-7faf0d5f8000 r--p 000c5000 103:03 541657                    /usr/lib/libzstd.so.1.4.9
7faf0d5f8000-7faf0d5f9000 r--p 000d7000 103:03 541657                    /usr/lib/libzstd.so.1.4.9
7faf0d5f9000-7faf0d5fa000 rw-p 000d8000 103:03 541657                    /usr/lib/libzstd.so.1.4.9
7faf0d5fa000-7faf0d5fd000 r--p 00000000 103:03 550926                    /usr/lib/libxcb-xfixes.so.0.0.0
7faf0d5fd000-7faf0d600000 r-xp 00003000 103:03 550926                    /usr/lib/libxcb-xfixes.so.0.0.0
7faf0d600000-7faf0d601000 r--p 00006000 103:03 550926                    /usr/lib/libxcb-xfixes.so.0.0.0
7faf0d601000-7faf0d602000 ---p 00007000 103:03 550926                    /usr/lib/libxcb-xfixes.so.0.0.0
7faf0d602000-7faf0d603000 r--p 00007000 103:03 550926                    /usr/lib/libxcb-xfixes.so.0.0.0
7faf0d603000-7faf0d604000 rw-p 00008000 103:03 550926                    /usr/lib/libxcb-xfixes.so.0.0.0
7faf0d604000-7faf0d605000 r--p 00000000 103:03 556772                    /usr/lib/libxshmfence.so.1.0.0
7faf0d605000-7faf0d606000 r-xp 00001000 103:03 556772                    /usr/lib/libxshmfence.so.1.0.0
7faf0d606000-7faf0d607000 r--p 00002000 103:03 556772                    /usr/lib/libxshmfence.so.1.0.0
7faf0d607000-7faf0d608000 r--p 00002000 103:03 556772                    /usr/lib/libxshmfence.so.1.0.0
7faf0d608000-7faf0d609000 rw-p 00003000 103:03 556772                    /usr/lib/libxshmfence.so.1.0.0
7faf0d609000-7faf0d60c000 r--p 00000000 103:03 550919                    /usr/lib/libxcb-sync.so.1.0.0
7faf0d60c000-7faf0d60f000 r-xp 00003000 103:03 550919                    /usr/lib/libxcb-sync.so.1.0.0
7faf0d60f000-7faf0d610000 r--p 00006000 103:03 550919                    /usr/lib/libxcb-sync.so.1.0.0
7faf0d610000-7faf0d611000 ---p 00007000 103:03 550919                    /usr/lib/libxcb-sync.so.1.0.0
7faf0d611000-7faf0d612000 r--p 00007000 103:03 550919                    /usr/lib/libxcb-sync.so.1.0.0
7faf0d612000-7faf0d613000 rw-p 00008000 103:03 550919                    /usr/lib/libxcb-sync.so.1.0.0
7faf0d613000-7faf0d614000 r--p 00000000 103:03 550891                    /usr/lib/libxcb-present.so.0.0.0
7faf0d614000-7faf0d615000 r-xp 00001000 103:03 550891                    /usr/lib/libxcb-present.so.0.0.0
7faf0d615000-7faf0d616000 r--p 00002000 103:03 550891                    /usr/lib/libxcb-present.so.0.0.0
7faf0d616000-7faf0d617000 r--p 00002000 103:03 550891                    /usr/lib/libxcb-present.so.0.0.0
7faf0d617000-7faf0d618000 rw-p 00003000 103:03 550891                    /usr/lib/libxcb-present.so.0.0.0
7faf0d618000-7faf0d61a000 r--p 00000000 103:03 550885                    /usr/lib/libxcb-dri3.so.0.0.0
7faf0d61a000-7faf0d61b000 r-xp 00002000 103:03 550885                    /usr/lib/libxcb-dri3.so.0.0.0
7faf0d61b000-7faf0d61c000 r--p 00003000 103:03 550885                    /usr/lib/libxcb-dri3.so.0.0.0
7faf0d61c000-7faf0d61d000 r--p 00003000 103:03 550885                    /usr/lib/libxcb-dri3.so.0.0.0
7faf0d61d000-7faf0d61e000 rw-p 00004000 103:03 550885                    /usr/lib/libxcb-dri3.so.0.0.0
7faf0d61e000-7faf0d622000 r--p 00000000 103:03 564906                    /usr/lib/libexpat.so.1.7.0
7faf0d622000-7faf0d63f000 r-xp 00004000 103:03 564906                    /usr/lib/libexpat.so.1.7.0
7faf0d63f000-7faf0d649000 r--p 00021000 103:03 564906                    /usr/lib/libexpat.so.1.7.0
7faf0d649000-7faf0d64a000 ---p 0002b000 103:03 564906                    /usr/lib/libexpat.so.1.7.0
7faf0d64a000-7faf0d64c000 r--p 0002b000 103:03 564906                    /usr/lib/libexpat.so.1.7.0
7faf0d64c000-7faf0d64d000 rw-p 0002d000 103:03 564906                    /usr/lib/libexpat.so.1.7.0
7faf0d64d000-7faf0d64e000 r--p 00000000 103:03 550916                    /usr/lib/libxcb-shm.so.0.0.0
7faf0d64e000-7faf0d64f000 r-xp 00001000 103:03 550916                    /usr/lib/libxcb-shm.so.0.0.0
7faf0d64f000-7faf0d650000 r--p 00002000 103:03 550916                    /usr/lib/libxcb-shm.so.0.0.0
7faf0d650000-7faf0d651000 r--p 00002000 103:03 550916                    /usr/lib/libxcb-shm.so.0.0.0
7faf0d651000-7faf0d652000 rw-p 00003000 103:03 550916                    /usr/lib/libxcb-shm.so.0.0.0
7faf0d652000-7faf0d653000 r--p 00000000 103:03 556746                    /usr/lib/libXxf86vm.so.1.0.0
7faf0d653000-7faf0d656000 r-xp 00001000 103:03 556746                    /usr/lib/libXxf86vm.so.1.0.0
7faf0d656000-7faf0d657000 r--p 00004000 103:03 556746                    /usr/lib/libXxf86vm.so.1.0.0
7faf0d657000-7faf0d658000 r--p 00004000 103:03 556746                    /usr/lib/libXxf86vm.so.1.0.0
7faf0d658000-7faf0d659000 rw-p 00005000 103:03 556746                    /usr/lib/libXxf86vm.so.1.0.0
7faf0d659000-7faf0d665000 r--p 00000000 103:03 550888                    /usr/lib/libxcb-glx.so.0.0.0
7faf0d665000-7faf0d66e000 r-xp 0000c000 103:03 550888                    /usr/lib/libxcb-glx.so.0.0.0
7faf0d66e000-7faf0d673000 r--p 00015000 103:03 550888                    /usr/lib/libxcb-glx.so.0.0.0
7faf0d673000-7faf0d674000 ---p 0001a000 103:03 550888                    /usr/lib/libxcb-glx.so.0.0.0
7faf0d674000-7faf0d676000 r--p 0001a000 103:03 550888                    /usr/lib/libxcb-glx.so.0.0.0
7faf0d676000-7faf0d677000 rw-p 0001c000 103:03 550888                    /usr/lib/libxcb-glx.so.0.0.0
7faf0d677000-7faf0d67c000 r--p 00000000 103:03 556676                    /usr/lib/libdrm.so.2.4.0
7faf0d67c000-7faf0d686000 r-xp 00005000 103:03 556676                    /usr/lib/libdrm.so.2.4.0
7faf0d686000-7faf0d68a000 r--p 0000f000 103:03 556676                    /usr/lib/libdrm.so.2.4.0
7faf0d68a000-7faf0d68b000 r--p 00012000 103:03 556676                    /usr/lib/libdrm.so.2.4.0
7faf0d68b000-7faf0d68c000 rw-p 00013000 103:03 556676                    /usr/lib/libdrm.so.2.4.0
7faf0d68c000-7faf0d6a5000 r--p 00000000 103:03 553841                    /usr/lib/libGLX_mesa.so.0.0.0
7faf0d6a5000-7faf0d6ea000 r-xp 00019000 103:03 553841                    /usr/lib/libGLX_mesa.so.0.0.0
7faf0d6ea000-7faf0d701000 r--p 0005e000 103:03 553841                    /usr/lib/libGLX_mesa.so.0.0.0
7faf0d701000-7faf0d702000 ---p 00075000 103:03 553841                    /usr/lib/libGLX_mesa.so.0.0.0
7faf0d702000-7faf0d705000 r--p 00075000 103:03 553841                    /usr/lib/libGLX_mesa.so.0.0.0
7faf0d705000-7faf0d706000 rw-p 00078000 103:03 553841                    /usr/lib/libGLX_mesa.so.0.0.0
7faf0d706000-7faf0d746000 r--p 00000000 103:03 557909                    /usr/lib/libGLdispatch.so.0.0.0
7faf0d746000-7faf0d784000 r-xp 00040000 103:03 557909                    /usr/lib/libGLdispatch.so.0.0.0
7faf0d784000-7faf0d797000 r--p 0007e000 103:03 557909                    /usr/lib/libGLdispatch.so.0.0.0
7faf0d797000-7faf0d798000 ---p 00091000 103:03 557909                    /usr/lib/libGLdispatch.so.0.0.0
7faf0d798000-7faf0d7b4000 r--p 00091000 103:03 557909                    /usr/lib/libGLdispatch.so.0.0.0
7faf0d7b4000-7faf0d7b5000 rw-p 000ad000 103:03 557909                    /usr/lib/libGLdispatch.so.0.0.0
7faf0d7b5000-7faf0d7bd000 rw-p 00000000 00:00 0 
7faf0d7bd000-7faf0d7ff000 r--p 00000000 103:03 556981                    /usr/lib/libGL.so.1.7.0
7faf0d7ff000-7faf0d81e000 r-xp 00042000 103:03 556981                    /usr/lib/libGL.so.1.7.0
7faf0d81e000-7faf0d833000 r--p 00061000 103:03 556981                    /usr/lib/libGL.so.1.7.0
7faf0d833000-7faf0d841000 r--p 00075000 103:03 556981                    /usr/lib/libGL.so.1.7.0
7faf0d841000-7faf0d842000 rw-p 00083000 103:03 556981                    /usr/lib/libGL.so.1.7.0
7faf0d842000-7faf0d843000 rw-p 00000000 00:00 0 
7faf0d843000-7faf0d89b000 r-xp 00000000 00:24 172                        /tmp/lwjglheero/3.2.3-build-13/liblwjgl_opengl.so
7faf0d89b000-7faf0da9a000 ---p 00058000 00:24 172                        /tmp/lwjglheero/3.2.3-build-13/liblwjgl_opengl.so
7faf0da9a000-7faf0da9b000 r--p 00057000 00:24 172                        /tmp/lwjglheero/3.2.3-build-13/liblwjgl_opengl.so
7faf0da9b000-7faf0da9c000 rw-p 00058000 00:24 172                        /tmp/lwjglheero/3.2.3-build-13/liblwjgl_opengl.so
7faf0da9c000-7faf0dc9c000 rw-p 00000000 00:00 0 
7faf0dc9f000-7faf0dca3000 ---p 00000000 00:00 0 
7faf0dca3000-7faf0dda0000 rw-p 00000000 00:00 0 
7faf0dda0000-7faf0dda4000 ---p 00000000 00:00 0 
7faf0dda4000-7faf0dea1000 rw-p 00000000 00:00 0 
7faf0dea1000-7faf0dea5000 ---p 00000000 00:00 0 
7faf0dea5000-7faf0dfa2000 rw-p 00000000 00:00 0 
7faf0dfa2000-7faf0dff3000 r-xp 00000000 00:24 171                        /tmp/lwjglheero/3.2.3-build-13/liblwjgl.so
7faf0dff3000-7faf0e1f2000 ---p 00051000 00:24 171                        /tmp/lwjglheero/3.2.3-build-13/liblwjgl.so
7faf0e1f2000-7faf0e1f3000 r--p 00050000 00:24 171                        /tmp/lwjglheero/3.2.3-build-13/liblwjgl.so
7faf0e1f3000-7faf0e1f4000 rw-p 00051000 00:24 171                        /tmp/lwjglheero/3.2.3-build-13/liblwjgl.so
7faf0e1f4000-7faf0e3f4000 rw-p 00000000 00:00 0 
7faf0e3f5000-7faf0e3f6000 ---p 00000000 00:00 0 
7faf0e3f6000-7faf0e4f7000 rw-p 00000000 00:00 0 
7faf0e4f7000-7faf0e4f8000 ---p 00000000 00:00 0 
7faf0e4f8000-7faf0e5f9000 rw-p 00000000 00:00 0 
7faf0e5f9000-7faf0e5fa000 ---p 00000000 00:00 0 
7faf0e5fa000-7faf0e6fb000 rw-p 00000000 00:00 0 
7faf0e6fb000-7faf0e6fc000 ---p 00000000 00:00 0 
7faf0e6fc000-7faf0e7fd000 rw-p 00000000 00:00 0 
7faf0e7fd000-7faf0e7fe000 ---p 00000000 00:00 0 
7faf0e7fe000-7faf0effe000 rw-p 00000000 00:00 0 
7faf0effe000-7faf0efff000 ---p 00000000 00:00 0 
7faf0efff000-7faf0f7ff000 rw-p 00000000 00:00 0 
7faf0f7ff000-7faf0f800000 ---p 00000000 00:00 0 
7faf0f800000-7faf10000000 rw-p 00000000 00:00 0 
7faf10000000-7faf10021000 rw-p 00000000 00:00 0 
7faf10021000-7faf14000000 ---p 00000000 00:00 0 
7faf14000000-7faf14021000 rw-p 00000000 00:00 0 
7faf14021000-7faf18000000 ---p 00000000 00:00 0 
7faf18000000-7faf18021000 rw-p 00000000 00:00 0 
7faf18021000-7faf1c000000 ---p 00000000 00:00 0 
7faf1c000000-7faf1c021000 rw-p 00000000 00:00 0 
7faf1c021000-7faf20000000 ---p 00000000 00:00 0 
7faf20000000-7faf20978000 rw-p 00000000 00:00 0 
7faf20978000-7faf24000000 ---p 00000000 00:00 0 
7faf24000000-7faf24915000 rw-p 00000000 00:00 0 
7faf24915000-7faf28000000 ---p 00000000 00:00 0 
7faf28000000-7faf28021000 rw-p 00000000 00:00 0 
7faf28021000-7faf2c000000 ---p 00000000 00:00 0 
7faf2c000000-7faf2c021000 rw-p 00000000 00:00 0 
7faf2c021000-7faf30000000 ---p 00000000 00:00 0 
7faf30000000-7faf30e1f000 rw-p 00000000 00:00 0 
7faf30e1f000-7faf34000000 ---p 00000000 00:00 0 
7faf34000000-7faf34666000 rw-p 00000000 00:00 0 
7faf34666000-7faf38000000 ---p 00000000 00:00 0 
7faf38000000-7faf38021000 rw-p 00000000 00:00 0 
7faf38021000-7faf3c000000 ---p 00000000 00:00 0 
7faf3c000000-7faf3c021000 rw-p 00000000 00:00 0 
7faf3c021000-7faf40000000 ---p 00000000 00:00 0 
7faf40000000-7faf40021000 rw-p 00000000 00:00 0 
7faf40021000-7faf44000000 ---p 00000000 00:00 0 
7faf44000000-7faf44021000 rw-p 00000000 00:00 0 
7faf44021000-7faf48000000 ---p 00000000 00:00 0 
7faf48000000-7faf48021000 rw-p 00000000 00:00 0 
7faf48021000-7faf4c000000 ---p 00000000 00:00 0 
7faf4c000000-7faf4c021000 rw-p 00000000 00:00 0 
7faf4c021000-7faf50000000 ---p 00000000 00:00 0 
7faf50000000-7faf50021000 rw-p 00000000 00:00 0 
7faf50021000-7faf54000000 ---p 00000000 00:00 0 
7faf54001000-7faf54003000 r--p 00000000 103:03 550882                    /usr/lib/libxcb-dri2.so.0.0.0
7faf54003000-7faf54005000 r-xp 00002000 103:03 550882                    /usr/lib/libxcb-dri2.so.0.0.0
7faf54005000-7faf54006000 r--p 00004000 103:03 550882                    /usr/lib/libxcb-dri2.so.0.0.0
7faf54006000-7faf54007000 r--p 00004000 103:03 550882                    /usr/lib/libxcb-dri2.so.0.0.0
7faf54007000-7faf54008000 rw-p 00005000 103:03 550882                    /usr/lib/libxcb-dri2.so.0.0.0
7faf54008000-7faf54009000 r--p 00000000 103:03 548550                    /usr/lib/libX11-xcb.so.1.0.0
7faf54009000-7faf5400a000 r-xp 00001000 103:03 548550                    /usr/lib/libX11-xcb.so.1.0.0
7faf5400a000-7faf5400b000 r--p 00002000 103:03 548550                    /usr/lib/libX11-xcb.so.1.0.0
7faf5400b000-7faf5400c000 r--p 00002000 103:03 548550                    /usr/lib/libX11-xcb.so.1.0.0
7faf5400c000-7faf5400d000 rw-p 00003000 103:03 548550                    /usr/lib/libX11-xcb.so.1.0.0
7faf5400d000-7faf54019000 r--p 00000000 103:03 562137                    /usr/lib/libglapi.so.0.0.0
7faf54019000-7faf54027000 r-xp 0000c000 103:03 562137                    /usr/lib/libglapi.so.0.0.0
7faf54027000-7faf54040000 r--p 0001a000 103:03 562137                    /usr/lib/libglapi.so.0.0.0
7faf54040000-7faf54041000 ---p 00033000 103:03 562137                    /usr/lib/libglapi.so.0.0.0
7faf54041000-7faf54045000 r--p 00033000 103:03 562137                    /usr/lib/libglapi.so.0.0.0
7faf54045000-7faf54046000 rw-p 00037000 103:03 562137                    /usr/lib/libglapi.so.0.0.0
7faf54046000-7faf54047000 rw-p 00000000 00:00 0 
7faf54047000-7faf5404a000 r--p 00000000 103:03 557905                    /usr/lib/libGLX.so.0.0.0
7faf5404a000-7faf54064000 r-xp 00003000 103:03 557905                    /usr/lib/libGLX.so.0.0.0
7faf54064000-7faf54067000 r--p 0001d000 103:03 557905                    /usr/lib/libGLX.so.0.0.0
7faf54067000-7faf54068000 ---p 00020000 103:03 557905                    /usr/lib/libGLX.so.0.0.0
7faf54068000-7faf54069000 r--p 00020000 103:03 557905                    /usr/lib/libGLX.so.0.0.0
7faf54069000-7faf5406a000 rw-p 00021000 103:03 557905                    /usr/lib/libGLX.so.0.0.0
7faf5406a000-7faf5407a000 rw-p 00000000 00:00 0 
7faf5407a000-7faf5407b000 r--p 00000000 103:03 555660                    /usr/lib/libXcomposite.so.1.0.0
7faf5407b000-7faf5407c000 r-xp 00001000 103:03 555660                    /usr/lib/libXcomposite.so.1.0.0
7faf5407c000-7faf5407d000 r--p 00002000 103:03 555660                    /usr/lib/libXcomposite.so.1.0.0
7faf5407d000-7faf5407e000 r--p 00002000 103:03 555660                    /usr/lib/libXcomposite.so.1.0.0
7faf5407e000-7faf5407f000 rw-p 00003000 103:03 555660                    /usr/lib/libXcomposite.so.1.0.0
7faf540a8000-7faf540a9000 ---p 00000000 00:00 0 
7faf540a9000-7faf541aa000 rw-p 00000000 00:00 0 
7faf541aa000-7faf541ae000 ---p 00000000 00:00 0 
7faf541ae000-7faf542ab000 rw-p 00000000 00:00 0 
7faf542ab000-7faf542af000 ---p 00000000 00:00 0 
7faf542af000-7faf545ac000 rw-p 00000000 00:00 0 
7faf545af000-7faf545b6000 r--p 00000000 103:03 557605                    /usr/lib/libxfconf-0.so.3.0.0
7faf545b6000-7faf545c1000 r-xp 00007000 103:03 557605                    /usr/lib/libxfconf-0.so.3.0.0
7faf545c1000-7faf545c7000 r--p 00012000 103:03 557605                    /usr/lib/libxfconf-0.so.3.0.0
7faf545c7000-7faf545c9000 r--p 00017000 103:03 557605                    /usr/lib/libxfconf-0.so.3.0.0
7faf545c9000-7faf545ca000 rw-p 00019000 103:03 557605                    /usr/lib/libxfconf-0.so.3.0.0
7faf545ca000-7faf545cb000 r--p 00000000 103:03 3412782                   /usr/lib/jvm/java-15-openjdk/lib/libjawt.so
7faf545cb000-7faf545cc000 r-xp 00001000 103:03 3412782                   /usr/lib/jvm/java-15-openjdk/lib/libjawt.so
7faf545cc000-7faf545cd000 r--p 00002000 103:03 3412782                   /usr/lib/jvm/java-15-openjdk/lib/libjawt.so
7faf545cd000-7faf545ce000 r--p 00002000 103:03 3412782                   /usr/lib/jvm/java-15-openjdk/lib/libjawt.so
7faf545ce000-7faf545cf000 rw-p 00003000 103:03 3412782                   /usr/lib/jvm/java-15-openjdk/lib/libjawt.so
7faf545cf000-7faf545d1000 r--p 00000000 103:03 555514                    /usr/lib/libXfixes.so.3.1.0
7faf545d1000-7faf545d4000 r-xp 00002000 103:03 555514                    /usr/lib/libXfixes.so.3.1.0
7faf545d4000-7faf545d5000 r--p 00005000 103:03 555514                    /usr/lib/libXfixes.so.3.1.0
7faf545d5000-7faf545d6000 ---p 00006000 103:03 555514                    /usr/lib/libXfixes.so.3.1.0
7faf545d6000-7faf545d7000 r--p 00006000 103:03 555514                    /usr/lib/libXfixes.so.3.1.0
7faf545d7000-7faf545d8000 rw-p 00007000 103:03 555514                    /usr/lib/libXfixes.so.3.1.0
7faf545d8000-7faf545db000 r--p 00000000 103:03 555518                    /usr/lib/libXcursor.so.1.0.2
7faf545db000-7faf545e0000 r-xp 00003000 103:03 555518                    /usr/lib/libXcursor.so.1.0.2
7faf545e0000-7faf545e2000 r--p 00008000 103:03 555518                    /usr/lib/libXcursor.so.1.0.2
7faf545e2000-7faf545e3000 r--p 00009000 103:03 555518                    /usr/lib/libXcursor.so.1.0.2
7faf545e3000-7faf545e4000 rw-p 0000a000 103:03 555518                    /usr/lib/libXcursor.so.1.0.2
7faf545e4000-7faf545e8000 r--p 00000000 103:03 791741                    /usr/lib/gio/modules/libdconfsettings.so
7faf545e8000-7faf545ee000 r-xp 00004000 103:03 791741                    /usr/lib/gio/modules/libdconfsettings.so
7faf545ee000-7faf545f1000 r--p 0000a000 103:03 791741                    /usr/lib/gio/modules/libdconfsettings.so
7faf545f1000-7faf545f2000 r--p 0000c000 103:03 791741                    /usr/lib/gio/modules/libdconfsettings.so
7faf545f2000-7faf545f3000 rw-p 0000d000 103:03 791741                    /usr/lib/gio/modules/libdconfsettings.so
7faf545f3000-7faf545f6000 r--p 00000000 103:03 791414                    /usr/lib/gio/modules/libxfconfgsettingsbackend.so
7faf545f6000-7faf545f9000 r-xp 00003000 103:03 791414                    /usr/lib/gio/modules/libxfconfgsettingsbackend.so
7faf545f9000-7faf545fa000 r--p 00006000 103:03 791414                    /usr/lib/gio/modules/libxfconfgsettingsbackend.so
7faf545fa000-7faf545fb000 ---p 00007000 103:03 791414                    /usr/lib/gio/modules/libxfconfgsettingsbackend.so
7faf545fb000-7faf545fc000 r--p 00007000 103:03 791414                    /usr/lib/gio/modules/libxfconfgsettingsbackend.so
7faf545fc000-7faf545fd000 rw-p 00008000 103:03 791414                    /usr/lib/gio/modules/libxfconfgsettingsbackend.so
7faf545fd000-7faf54606000 r--p 00000000 103:03 560647                    /usr/lib/libblkid.so.1.1.0
7faf54606000-7faf54638000 r-xp 00009000 103:03 560647                    /usr/lib/libblkid.so.1.1.0
7faf54638000-7faf54648000 r--p 0003b000 103:03 560647                    /usr/lib/libblkid.so.1.1.0
7faf54648000-7faf54649000 ---p 0004b000 103:03 560647                    /usr/lib/libblkid.so.1.1.0
7faf54649000-7faf5464d000 r--p 0004b000 103:03 560647                    /usr/lib/libblkid.so.1.1.0
7faf5464d000-7faf5464e000 rw-p 0004f000 103:03 560647                    /usr/lib/libblkid.so.1.1.0
7faf5464e000-7faf54650000 r--p 00000000 103:03 527743                    /usr/lib/libffi.so.7.1.0
7faf54650000-7faf54656000 r-xp 00002000 103:03 527743                    /usr/lib/libffi.so.7.1.0
7faf54656000-7faf54658000 r--p 00008000 103:03 527743                    /usr/lib/libffi.so.7.1.0
7faf54658000-7faf54659000 r--p 00009000 103:03 527743                    /usr/lib/libffi.so.7.1.0
7faf54659000-7faf5465a000 rw-p 0000a000 103:03 527743                    /usr/lib/libffi.so.7.1.0
7faf5465a000-7faf5465e000 r--p 00000000 103:03 527823                    /usr/lib/libresolv-2.33.so
7faf5465e000-7faf5466c000 r-xp 00004000 103:03 527823                    /usr/lib/libresolv-2.33.so
7faf5466c000-7faf5466f000 r--p 00012000 103:03 527823                    /usr/lib/libresolv-2.33.so
7faf5466f000-7faf54670000 ---p 00015000 103:03 527823                    /usr/lib/libresolv-2.33.so
7faf54670000-7faf54671000 r--p 00015000 103:03 527823                    /usr/lib/libresolv-2.33.so
7faf54671000-7faf54672000 rw-p 00016000 103:03 527823                    /usr/lib/libresolv-2.33.so
7faf54672000-7faf54674000 rw-p 00000000 00:00 0 
7faf54674000-7faf54680000 r--p 00000000 103:03 560879                    /usr/lib/libmount.so.1.1.0
7faf54680000-7faf546bc000 r-xp 0000c000 103:03 560879                    /usr/lib/libmount.so.1.1.0
7faf546bc000-7faf546ce000 r--p 00048000 103:03 560879                    /usr/lib/libmount.so.1.1.0
7faf546ce000-7faf546cf000 ---p 0005a000 103:03 560879                    /usr/lib/libmount.so.1.1.0
7faf546cf000-7faf546d1000 r--p 0005a000 103:03 560879                    /usr/lib/libmount.so.1.1.0
7faf546d1000-7faf546d2000 rw-p 0005c000 103:03 560879                    /usr/lib/libmount.so.1.1.0
7faf546d2000-7faf546d3000 r--p 00000000 103:03 541151                    /usr/lib/libgmodule-2.0.so.0.6800.1
7faf546d3000-7faf546d4000 r-xp 00001000 103:03 541151                    /usr/lib/libgmodule-2.0.so.0.6800.1
7faf546d4000-7faf546d5000 r--p 00002000 103:03 541151                    /usr/lib/libgmodule-2.0.so.0.6800.1
7faf546d5000-7faf546d6000 r--p 00002000 103:03 541151                    /usr/lib/libgmodule-2.0.so.0.6800.1
7faf546d6000-7faf546d7000 rw-p 00003000 103:03 541151                    /usr/lib/libgmodule-2.0.so.0.6800.1
7faf546d7000-7faf546e5000 r--p 00000000 103:03 541156                    /usr/lib/libgobject-2.0.so.0.6800.1
7faf546e5000-7faf54714000 r-xp 0000e000 103:03 541156                    /usr/lib/libgobject-2.0.so.0.6800.1
7faf54714000-7faf5472c000 r--p 0003d000 103:03 541156                    /usr/lib/libgobject-2.0.so.0.6800.1
7faf5472c000-7faf5472d000 ---p 00055000 103:03 541156                    /usr/lib/libgobject-2.0.so.0.6800.1
7faf5472d000-7faf54730000 r--p 00055000 103:03 541156                    /usr/lib/libgobject-2.0.so.0.6800.1
7faf54730000-7faf54731000 rw-p 00058000 103:03 541156                    /usr/lib/libgobject-2.0.so.0.6800.1
7faf54731000-7faf54768000 r--p 00000000 103:03 541138                    /usr/lib/libgio-2.0.so.0.6800.1
7faf54768000-7faf54865000 r-xp 00037000 103:03 541138                    /usr/lib/libgio-2.0.so.0.6800.1
7faf54865000-7faf548e3000 r--p 00134000 103:03 541138                    /usr/lib/libgio-2.0.so.0.6800.1
7faf548e3000-7faf548e4000 ---p 001b2000 103:03 541138                    /usr/lib/libgio-2.0.so.0.6800.1
7faf548e4000-7faf548eb000 r--p 001b2000 103:03 541138                    /usr/lib/libgio-2.0.so.0.6800.1
7faf548eb000-7faf548ec000 rw-p 001b9000 103:03 541138                    /usr/lib/libgio-2.0.so.0.6800.1
7faf548ec000-7faf548ee000 rw-p 00000000 00:00 0 
7faf548ee000-7faf548f0000 r--p 00000000 103:03 555564                    /usr/lib/libXrandr.so.2.2.0
7faf548f0000-7faf548f7000 r-xp 00002000 103:03 555564                    /usr/lib/libXrandr.so.2.2.0
7faf548f7000-7faf548f9000 r--p 00009000 103:03 555564                    /usr/lib/libXrandr.so.2.2.0
7faf548f9000-7faf548fa000 r--p 0000a000 103:03 555564                    /usr/lib/libXrandr.so.2.2.0
7faf548fa000-7faf548fb000 rw-p 0000b000 103:03 555564                    /usr/lib/libXrandr.so.2.2.0
7faf548fb000-7faf548fd000 r--p 00000000 103:03 540935                    /usr/lib/libpcre.so.1.2.12
7faf548fd000-7faf5494d000 r-xp 00002000 103:03 540935                    /usr/lib/libpcre.so.1.2.12
7faf5494d000-7faf5496b000 r--p 00052000 103:03 540935                    /usr/lib/libpcre.so.1.2.12
7faf5496b000-7faf5496c000 r--p 0006f000 103:03 540935                    /usr/lib/libpcre.so.1.2.12
7faf5496c000-7faf5496d000 rw-p 00070000 103:03 540935                    /usr/lib/libpcre.so.1.2.12
7faf5496d000-7faf5498a000 r--p 00000000 103:03 541144                    /usr/lib/libglib-2.0.so.0.6800.1
7faf5498a000-7faf54a16000 r-xp 0001d000 103:03 541144                    /usr/lib/libglib-2.0.so.0.6800.1
7faf54a16000-7faf54a9e000 r--p 000a9000 103:03 541144                    /usr/lib/libglib-2.0.so.0.6800.1
7faf54a9e000-7faf54a9f000 ---p 00131000 103:03 541144                    /usr/lib/libglib-2.0.so.0.6800.1
7faf54a9f000-7faf54aa0000 r--p 00131000 103:03 541144                    /usr/lib/libglib-2.0.so.0.6800.1
7faf54aa0000-7faf54aa1000 rw-p 00132000 103:03 541144                    /usr/lib/libglib-2.0.so.0.6800.1
7faf54aa1000-7faf54aa2000 rw-p 00000000 00:00 0 
7faf54aa2000-7faf54aa5000 r--p 00000000 103:03 569580                    /usr/lib/libgraphite2.so.3.2.1
7faf54aa5000-7faf54abf000 r-xp 00003000 103:03 569580                    /usr/lib/libgraphite2.so.3.2.1
7faf54abf000-7faf54ac4000 r--p 0001d000 103:03 569580                    /usr/lib/libgraphite2.so.3.2.1
7faf54ac4000-7faf54ac6000 r--p 00021000 103:03 569580                    /usr/lib/libgraphite2.so.3.2.1
7faf54ac6000-7faf54ac7000 rw-p 00023000 103:03 569580                    /usr/lib/libgraphite2.so.3.2.1
7faf54ac7000-7faf54ad1000 r--p 00000000 103:03 564926                    /usr/lib/libharfbuzz.so.0.20800.0
7faf54ad1000-7faf54b65000 r-xp 0000a000 103:03 564926                    /usr/lib/libharfbuzz.so.0.20800.0
7faf54b65000-7faf54b98000 r--p 0009e000 103:03 564926                    /usr/lib/libharfbuzz.so.0.20800.0
7faf54b98000-7faf54b99000 ---p 000d1000 103:03 564926                    /usr/lib/libharfbuzz.so.0.20800.0
7faf54b99000-7faf54b9a000 r--p 000d1000 103:03 564926                    /usr/lib/libharfbuzz.so.0.20800.0
7faf54b9a000-7faf54b9b000 rw-p 000d2000 103:03 564926                    /usr/lib/libharfbuzz.so.0.20800.0
7faf54b9b000-7faf54ba1000 r--p 00000000 103:03 550844                    /usr/lib/libpng16.so.16.37.0
7faf54ba1000-7faf54bc5000 r-xp 00006000 103:03 550844                    /usr/lib/libpng16.so.16.37.0
7faf54bc5000-7faf54bd0000 r--p 0002a000 103:03 550844                    /usr/lib/libpng16.so.16.37.0
7faf54bd0000-7faf54bd1000 r--p 00034000 103:03 550844                    /usr/lib/libpng16.so.16.37.0
7faf54bd1000-7faf54bd2000 rw-p 00035000 103:03 550844                    /usr/lib/libpng16.so.16.37.0
7faf54bd2000-7faf54bd4000 r--p 00000000 103:03 561305                    /usr/lib/libbz2.so.1.0.8
7faf54bd4000-7faf54be1000 r-xp 00002000 103:03 561305                    /usr/lib/libbz2.so.1.0.8
7faf54be1000-7faf54be3000 r--p 0000f000 103:03 561305                    /usr/lib/libbz2.so.1.0.8
7faf54be3000-7faf54be4000 r--p 00010000 103:03 561305                    /usr/lib/libbz2.so.1.0.8
7faf54be4000-7faf54be5000 rw-p 00011000 103:03 561305                    /usr/lib/libbz2.so.1.0.8
7faf54be5000-7faf54bf2000 r--p 00000000 103:03 574286                    /usr/lib/libfreetype.so.6.17.4
7faf54bf2000-7faf54c78000 r-xp 0000d000 103:03 574286                    /usr/lib/libfreetype.so.6.17.4
7faf54c78000-7faf54cb0000 r--p 00093000 103:03 574286                    /usr/lib/libfreetype.so.6.17.4
7faf54cb0000-7faf54cb1000 ---p 000cb000 103:03 574286                    /usr/lib/libfreetype.so.6.17.4
7faf54cb1000-7faf54cb8000 r--p 000cb000 103:03 574286                    /usr/lib/libfreetype.so.6.17.4
7faf54cb8000-7faf54cb9000 rw-p 000d2000 103:03 574286                    /usr/lib/libfreetype.so.6.17.4
7faf54cb9000-7faf54cbd000 r--p 00000000 103:03 3410272                   /usr/lib/jvm/java-15-openjdk/lib/libfontmanager.so
7faf54cbd000-7faf54da9000 r-xp 00004000 103:03 3410272                   /usr/lib/jvm/java-15-openjdk/lib/libfontmanager.so
7faf54da9000-7faf54de9000 r--p 000f0000 103:03 3410272                   /usr/lib/jvm/java-15-openjdk/lib/libfontmanager.so
7faf54de9000-7faf54dea000 ---p 00130000 103:03 3410272                   /usr/lib/jvm/java-15-openjdk/lib/libfontmanager.so
7faf54dea000-7faf54deb000 r--p 00130000 103:03 3410272                   /usr/lib/jvm/java-15-openjdk/lib/libfontmanager.so
7faf54deb000-7faf54dec000 rw-p 00131000 103:03 3410272                   /usr/lib/jvm/java-15-openjdk/lib/libfontmanager.so
7faf54dec000-7faf54def000 rw-p 00000000 00:00 0 
7faf54def000-7faf54df0000 r--p 00000000 103:03 555555                    /usr/lib/libXinerama.so.1.0.0
7faf54df0000-7faf54df1000 r-xp 00001000 103:03 555555                    /usr/lib/libXinerama.so.1.0.0
7faf54df1000-7faf54df2000 r--p 00002000 103:03 555555                    /usr/lib/libXinerama.so.1.0.0
7faf54df2000-7faf54df3000 r--p 00002000 103:03 555555                    /usr/lib/libXinerama.so.1.0.0
7faf54df3000-7faf54df4000 rw-p 00003000 103:03 555555                    /usr/lib/libXinerama.so.1.0.0
7faf54df4000-7faf54df6000 r--p 00000000 103:03 557784                    /usr/lib/libXdmcp.so.6.0.0
7faf54df6000-7faf54df8000 r-xp 00002000 103:03 557784                    /usr/lib/libXdmcp.so.6.0.0
7faf54df8000-7faf54dfa000 r--p 00004000 103:03 557784                    /usr/lib/libXdmcp.so.6.0.0
7faf54dfa000-7faf54dfb000 r--p 00005000 103:03 557784                    /usr/lib/libXdmcp.so.6.0.0
7faf54dfb000-7faf54dfc000 rw-p 00006000 103:03 557784                    /usr/lib/libXdmcp.so.6.0.0
7faf54dfc000-7faf54e08000 r--p 00000000 103:03 550950                    /usr/lib/libxcb.so.1.1.0
7faf54e08000-7faf54e1b000 r-xp 0000c000 103:03 550950                    /usr/lib/libxcb.so.1.1.0
7faf54e1b000-7faf54e24000 r--p 0001f000 103:03 550950                    /usr/lib/libxcb.so.1.1.0
7faf54e24000-7faf54e25000 r--p 00027000 103:03 550950                    /usr/lib/libxcb.so.1.1.0
7faf54e25000-7faf54e26000 rw-p 00028000 103:03 550950                    /usr/lib/libxcb.so.1.1.0
7faf54e26000-7faf54e29000 r--p 00000000 103:03 553923                    /usr/lib/libXi.so.6.1.0
7faf54e29000-7faf54e34000 r-xp 00003000 103:03 553923                    /usr/lib/libXi.so.6.1.0
7faf54e34000-7faf54e37000 r--p 0000e000 103:03 553923                    /usr/lib/libXi.so.6.1.0
7faf54e37000-7faf54e38000 r--p 00010000 103:03 553923                    /usr/lib/libXi.so.6.1.0
7faf54e38000-7faf54e39000 rw-p 00011000 103:03 553923                    /usr/lib/libXi.so.6.1.0
7faf54e39000-7faf54e3b000 r--p 00000000 103:03 557100                    /usr/lib/libXtst.so.6.1.0
7faf54e3b000-7faf54e3e000 r-xp 00002000 103:03 557100                    /usr/lib/libXtst.so.6.1.0
7faf54e3e000-7faf54e3f000 r--p 00005000 103:03 557100                    /usr/lib/libXtst.so.6.1.0
7faf54e3f000-7faf54e40000 r--p 00005000 103:03 557100                    /usr/lib/libXtst.so.6.1.0
7faf54e40000-7faf54e41000 rw-p 00006000 103:03 557100                    /usr/lib/libXtst.so.6.1.0
7faf54e41000-7faf54e43000 r--p 00000000 103:03 557913                    /usr/lib/libXrender.so.1.3.0
7faf54e43000-7faf54e4a000 r-xp 00002000 103:03 557913                    /usr/lib/libXrender.so.1.3.0
7faf54e4a000-7faf54e4c000 r--p 00009000 103:03 557913                    /usr/lib/libXrender.so.1.3.0
7faf54e4c000-7faf54e4d000 r--p 0000a000 103:03 557913                    /usr/lib/libXrender.so.1.3.0
7faf54e4d000-7faf54e4e000 rw-p 0000b000 103:03 557913                    /usr/lib/libXrender.so.1.3.0
7faf54e4e000-7faf54e6a000 r--p 00000000 103:03 548555                    /usr/lib/libX11.so.6.4.0
7faf54e6a000-7faf54ef4000 r-xp 0001c000 103:03 548555                    /usr/lib/libX11.so.6.4.0
7faf54ef4000-7faf54f88000 r--p 000a6000 103:03 548555                    /usr/lib/libX11.so.6.4.0
7faf54f88000-7faf54f8b000 r--p 00139000 103:03 548555                    /usr/lib/libX11.so.6.4.0
7faf54f8b000-7faf54f8f000 rw-p 0013c000 103:03 548555                    /usr/lib/libX11.so.6.4.0
7faf54f93000-7faf54f94000 r--p 00000000 103:03 541186                    /usr/lib/libgthread-2.0.so.0.6800.1
7faf54f94000-7faf54f95000 r-xp 00001000 103:03 541186                    /usr/lib/libgthread-2.0.so.0.6800.1
7faf54f95000-7faf54f96000 r--p 00002000 103:03 541186                    /usr/lib/libgthread-2.0.so.0.6800.1
7faf54f96000-7faf54f97000 r--p 00002000 103:03 541186                    /usr/lib/libgthread-2.0.so.0.6800.1
7faf54f97000-7faf54f98000 rw-p 00003000 103:03 541186                    /usr/lib/libgthread-2.0.so.0.6800.1
7faf54f98000-7faf54fb8000 r--p 00000000 103:03 793867                    /usr/share/glib-2.0/schemas/gschemas.compiled
7faf54fb8000-7faf54fc8000 r--p 00000000 103:03 3412780                   /usr/lib/jvm/java-15-openjdk/lib/libawt_xawt.so
7faf54fc8000-7faf55005000 r-xp 00010000 103:03 3412780                   /usr/lib/jvm/java-15-openjdk/lib/libawt_xawt.so
7faf55005000-7faf55016000 r--p 0004d000 103:03 3412780                   /usr/lib/jvm/java-15-openjdk/lib/libawt_xawt.so
7faf55016000-7faf55017000 ---p 0005e000 103:03 3412780                   /usr/lib/jvm/java-15-openjdk/lib/libawt_xawt.so
7faf55017000-7faf55018000 r--p 0005e000 103:03 3412780                   /usr/lib/jvm/java-15-openjdk/lib/libawt_xawt.so
7faf55018000-7faf5501a000 rw-p 0005f000 103:03 3412780                   /usr/lib/jvm/java-15-openjdk/lib/libawt_xawt.so
7faf5501a000-7faf5501c000 rw-p 00000000 00:00 0 
7faf5501c000-7faf55049000 r--p 00000000 103:03 3410263                   /usr/lib/jvm/java-15-openjdk/lib/libawt.so
7faf55049000-7faf550b2000 r-xp 0002d000 103:03 3410263                   /usr/lib/jvm/java-15-openjdk/lib/libawt.so
7faf550b2000-7faf550be000 r--p 00096000 103:03 3410263                   /usr/lib/jvm/java-15-openjdk/lib/libawt.so
7faf550be000-7faf550bf000 ---p 000a2000 103:03 3410263                   /usr/lib/jvm/java-15-openjdk/lib/libawt.so
7faf550bf000-7faf550c0000 r--p 000a2000 103:03 3410263                   /usr/lib/jvm/java-15-openjdk/lib/libawt.so
7faf550c0000-7faf550cb000 rw-p 000a3000 103:03 3410263                   /usr/lib/jvm/java-15-openjdk/lib/libawt.so
7faf550cb000-7faf552f0000 rw-p 00000000 00:00 0 
7faf552f1000-7faf552f2000 ---p 00000000 00:00 0 
7faf552f2000-7faf553f3000 rw-p 00000000 00:00 0 
7faf553f3000-7faf553f7000 ---p 00000000 00:00 0 
7faf553f7000-7faf556f4000 rw-p 00000000 00:00 0 
7faf556f7000-7faf556fb000 ---p 00000000 00:00 0 
7faf556fb000-7faf557f8000 rw-p 00000000 00:00 0 
7faf557f8000-7faf557fc000 ---p 00000000 00:00 0 
7faf557fc000-7faf558f9000 rw-p 00000000 00:00 0 
7faf558f9000-7faf558fd000 ---p 00000000 00:00 0 
7faf558fd000-7faf559fa000 rw-p 00000000 00:00 0 
7faf559fa000-7faf559fe000 ---p 00000000 00:00 0 
7faf559fe000-7faf55afb000 rw-p 00000000 00:00 0 
7faf55afb000-7faf55aff000 ---p 00000000 00:00 0 
7faf55aff000-7faf55bfc000 rw-p 00000000 00:00 0 
7faf55bfc000-7faf55c00000 ---p 00000000 00:00 0 
7faf55c00000-7faf55cfd000 rw-p 00000000 00:00 0 
7faf55cfd000-7faf55d01000 ---p 00000000 00:00 0 
7faf55d01000-7faf55dfe000 rw-p 00000000 00:00 0 
7faf55dfe000-7faf55e02000 ---p 00000000 00:00 0 
7faf55e02000-7faf55eff000 rw-p 00000000 00:00 0 
7faf55eff000-7faf55f03000 ---p 00000000 00:00 0 
7faf55f03000-7faf58000000 rw-p 00000000 00:00 0 
7faf58000000-7faf58021000 rw-p 00000000 00:00 0 
7faf58021000-7faf5c000000 ---p 00000000 00:00 0 
7faf5c000000-7faf5c021000 rw-p 00000000 00:00 0 
7faf5c021000-7faf60000000 ---p 00000000 00:00 0 
7faf60000000-7faf60021000 rw-p 00000000 00:00 0 
7faf60021000-7faf64000000 ---p 00000000 00:00 0 
7faf64004000-7faf64008000 r--p 00000000 103:03 560479                    /usr/lib/libnss_myhostname.so.2
7faf64008000-7faf64015000 r-xp 00004000 103:03 560479                    /usr/lib/libnss_myhostname.so.2
7faf64015000-7faf6401e000 r--p 00011000 103:03 560479                    /usr/lib/libnss_myhostname.so.2
7faf6401e000-7faf6401f000 ---p 0001a000 103:03 560479                    /usr/lib/libnss_myhostname.so.2
7faf6401f000-7faf64023000 r--p 0001a000 103:03 560479                    /usr/lib/libnss_myhostname.so.2
7faf64023000-7faf64024000 rw-p 0001e000 103:03 560479                    /usr/lib/libnss_myhostname.so.2
7faf64024000-7faf64027000 r--p 00000000 103:03 531602                    /usr/lib/libcap.so.2.49
7faf64027000-7faf6402b000 r-xp 00003000 103:03 531602                    /usr/lib/libcap.so.2.49
7faf6402b000-7faf6402d000 r--p 00007000 103:03 531602                    /usr/lib/libcap.so.2.49
7faf6402d000-7faf6402e000 r--p 00008000 103:03 531602                    /usr/lib/libcap.so.2.49
7faf6402e000-7faf6402f000 rw-p 00009000 103:03 531602                    /usr/lib/libcap.so.2.49
7faf6402f000-7faf64033000 ---p 00000000 00:00 0 
7faf64033000-7faf64130000 rw-p 00000000 00:00 0 
7faf64130000-7faf64134000 ---p 00000000 00:00 0 
7faf64134000-7faf64231000 rw-p 00000000 00:00 0 
7faf64231000-7faf64567000 r--p 00000000 103:03 559355                    /usr/lib/locale/locale-archive
7faf64567000-7faf6456b000 ---p 00000000 00:00 0 
7faf6456b000-7faf64e68000 rw-p 00000000 00:00 0 
7faf64e69000-7faf64e6a000 r--p 00000000 103:03 1449641                   /usr/share/locale/en/LC_MESSAGES/gtk30-properties.mo
7faf64e6a000-7faf64eb2000 rw-p 00000000 00:00 0 
7faf64eb2000-7faf651d2000 ---p 00000000 00:00 0 
7faf651d2000-7faf651e2000 rw-p 00000000 00:00 0 
7faf651e2000-7faf65252000 ---p 00000000 00:00 0 
7faf65252000-7faf6525a000 rw-p 00000000 00:00 0 
7faf6525a000-7faf68d02000 ---p 00000000 00:00 0 
7faf68d02000-7faf68d4a000 rw-p 00000000 00:00 0 
7faf68d4a000-7faf6906a000 ---p 00000000 00:00 0 
7faf6906a000-7faf6907a000 rw-p 00000000 00:00 0 
7faf6907a000-7faf690ea000 ---p 00000000 00:00 0 
7faf690ea000-7faf690f2000 rw-p 00000000 00:00 0 
7faf690f2000-7faf6cb9a000 ---p 00000000 00:00 0 
7faf6cb9a000-7faf6ce0a000 rwxp 00000000 00:00 0 
7faf6ce0a000-7faf6d12c000 ---p 00000000 00:00 0 
7faf6d12c000-7faf6d54c000 rwxp 00000000 00:00 0 
7faf6d54c000-7faf74663000 ---p 00000000 00:00 0 
7faf74663000-7faf748d3000 rwxp 00000000 00:00 0 
7faf748d3000-7faf7bb9a000 ---p 00000000 00:00 0 
7faf7bb9a000-7faf84000000 r--s 00000000 103:03 3412773                   /usr/lib/jvm/java-15-openjdk/lib/modules
7faf84000000-7faf8477f000 rw-p 00000000 00:00 0 
7faf8477f000-7faf88000000 ---p 00000000 00:00 0 
7faf88000000-7faf88001000 r--p 00000000 103:03 1449642                   /usr/share/locale/en/LC_MESSAGES/gtk30.mo
7faf88001000-7faf88002000 rw-s 00000000 00:01 246109                     /memfd:xshmfence (deleted)
7faf88002000-7faf88003000 rw-s 00000000 00:01 250920                     /memfd:xshmfence (deleted)
7faf88003000-7faf88006000 r--p 00000000 103:03 527828                    /usr/lib/librt-2.33.so
7faf88006000-7faf8800a000 r-xp 00003000 103:03 527828                    /usr/lib/librt-2.33.so
7faf8800a000-7faf8800c000 r--p 00007000 103:03 527828                    /usr/lib/librt-2.33.so
7faf8800c000-7faf8800d000 r--p 00008000 103:03 527828                    /usr/lib/librt-2.33.so
7faf8800d000-7faf8800e000 rw-p 00009000 103:03 527828                    /usr/lib/librt-2.33.so
7faf8800e000-7faf88015000 r--p 00000000 103:03 560484                    /usr/lib/libnss_mymachines.so.2
7faf88015000-7faf88049000 r-xp 00007000 103:03 560484                    /usr/lib/libnss_mymachines.so.2
7faf88049000-7faf8805c000 r--p 0003b000 103:03 560484                    /usr/lib/libnss_mymachines.so.2
7faf8805c000-7faf8805f000 r--p 0004d000 103:03 560484                    /usr/lib/libnss_mymachines.so.2
7faf8805f000-7faf88060000 rw-p 00050000 103:03 560484                    /usr/lib/libnss_mymachines.so.2
7faf88060000-7faf88061000 rw-p 00000000 00:00 0 
7faf88061000-7faf88062000 rwxp 00000000 00:00 0 
7faf88062000-7faf88063000 rw-s 127fa6000 00:05 577                       /dev/dri/card0
7faf88063000-7faf88065000 r--p 00000000 103:04 19405574                  /home/heero/.config/dconf/user
7faf88065000-7faf88069000 r--p 00000000 103:03 554076                    /usr/lib/libXext.so.6.4.0
7faf88069000-7faf88074000 r-xp 00004000 103:03 554076                    /usr/lib/libXext.so.6.4.0
7faf88074000-7faf88078000 r--p 0000f000 103:03 554076                    /usr/lib/libXext.so.6.4.0
7faf88078000-7faf88079000 r--p 00012000 103:03 554076                    /usr/lib/libXext.so.6.4.0
7faf88079000-7faf8807a000 rw-p 00013000 103:03 554076                    /usr/lib/libXext.so.6.4.0
7faf8807a000-7faf8807e000 r--p 00000000 103:03 3412768                   /usr/lib/jvm/java-15-openjdk/lib/libverify.so
7faf8807e000-7faf88085000 r-xp 00004000 103:03 3412768                   /usr/lib/jvm/java-15-openjdk/lib/libverify.so
7faf88085000-7faf88087000 r--p 0000b000 103:03 3412768                   /usr/lib/jvm/java-15-openjdk/lib/libverify.so
7faf88087000-7faf88089000 r--p 0000c000 103:03 3412768                   /usr/lib/jvm/java-15-openjdk/lib/libverify.so
7faf88089000-7faf8808a000 rw-p 0000e000 103:03 3412768                   /usr/lib/jvm/java-15-openjdk/lib/libverify.so
7faf8808a000-7faf8808c000 r--p 00000000 103:03 3412772                   /usr/lib/jvm/java-15-openjdk/lib/libzip.so
7faf8808c000-7faf88090000 r-xp 00002000 103:03 3412772                   /usr/lib/jvm/java-15-openjdk/lib/libzip.so
7faf88090000-7faf88092000 r--p 00006000 103:03 3412772                   /usr/lib/jvm/java-15-openjdk/lib/libzip.so
7faf88092000-7faf88093000 r--p 00007000 103:03 3412772                   /usr/lib/jvm/java-15-openjdk/lib/libzip.so
7faf88093000-7faf88094000 rw-p 00008000 103:03 3412772                   /usr/lib/jvm/java-15-openjdk/lib/libzip.so
7faf88094000-7faf88098000 r--p 00000000 103:03 3411689                   /usr/lib/jvm/java-15-openjdk/lib/libnet.so
7faf88098000-7faf880a6000 r-xp 00004000 103:03 3411689                   /usr/lib/jvm/java-15-openjdk/lib/libnet.so
7faf880a6000-7faf880aa000 r--p 00012000 103:03 3411689                   /usr/lib/jvm/java-15-openjdk/lib/libnet.so
7faf880aa000-7faf880ab000 r--p 00015000 103:03 3411689                   /usr/lib/jvm/java-15-openjdk/lib/libnet.so
7faf880ab000-7faf880ac000 rw-p 00016000 103:03 3411689                   /usr/lib/jvm/java-15-openjdk/lib/libnet.so
7faf880ac000-7faf880b0000 ---p 00000000 00:00 0 
7faf880b0000-7faf881ad000 rw-p 00000000 00:00 0 
7faf881ad000-7faf881ae000 ---p 00000000 00:00 0 
7faf881ae000-7faf883cc000 rw-p 00000000 00:00 0 
7faf883cc000-7faf883cd000 ---p 00000000 00:00 0 
7faf883cd000-7faf884ce000 rw-p 00000000 00:00 0 
7faf884ce000-7faf884cf000 ---p 00000000 00:00 0 
7faf884cf000-7faf88fda000 rw-p 00000000 00:00 0 
7faf88fda000-7faf88fdb000 ---p 00000000 00:00 0 
7faf88fdb000-7faf890dc000 rw-p 00000000 00:00 0 
7faf890dc000-7faf890dd000 ---p 00000000 00:00 0 
7faf890dd000-7faf891de000 rw-p 00000000 00:00 0 
7faf891de000-7faf891df000 ---p 00000000 00:00 0 
7faf891df000-7faf8936b000 rw-p 00000000 00:00 0 
7faf8936b000-7faf893cf000 ---p 00000000 00:00 0 
7faf893cf000-7faf893d1000 rw-p 00000000 00:00 0 
7faf893d1000-7faf893df000 ---p 00000000 00:00 0 
7faf893df000-7faf893e0000 rw-p 00000000 00:00 0 
7faf893e0000-7faf89b35000 ---p 00000000 00:00 0 
7faf89b35000-7faf89b3e000 rw-p 00000000 00:00 0 
7faf89b3e000-7faf89ba2000 ---p 00000000 00:00 0 
7faf89ba2000-7faf89ba4000 rw-p 00000000 00:00 0 
7faf89ba4000-7faf89bb2000 ---p 00000000 00:00 0 
7faf89bb2000-7faf89bb3000 rw-p 00000000 00:00 0 
7faf89bb3000-7faf8a308000 ---p 00000000 00:00 0 
7faf8a308000-7faf8a311000 rw-p 00000000 00:00 0 
7faf8a311000-7faf8a375000 ---p 00000000 00:00 0 
7faf8a375000-7faf8a377000 rw-p 00000000 00:00 0 
7faf8a377000-7faf8a385000 ---p 00000000 00:00 0 
7faf8a385000-7faf8a386000 rw-p 00000000 00:00 0 
7faf8a386000-7faf8aadb000 ---p 00000000 00:00 0 
7faf8aadb000-7faf8b4ea000 rw-p 00000000 00:00 0 
7faf8b4ea000-7faf8b5d0000 ---p 00000000 00:00 0 
7faf8b5d0000-7faf8b5d9000 rw-p 00000000 00:00 0 
7faf8b5d9000-7faf8b6bb000 ---p 00000000 00:00 0 
7faf8b6bb000-7faf8b6be000 r--p 00000000 103:03 527805                    /usr/lib/libnss_files-2.33.so
7faf8b6be000-7faf8b6c5000 r-xp 00003000 103:03 527805                    /usr/lib/libnss_files-2.33.so
7faf8b6c5000-7faf8b6c7000 r--p 0000a000 103:03 527805                    /usr/lib/libnss_files-2.33.so
7faf8b6c7000-7faf8b6c8000 r--p 0000b000 103:03 527805                    /usr/lib/libnss_files-2.33.so
7faf8b6c8000-7faf8b6c9000 rw-p 0000c000 103:03 527805                    /usr/lib/libnss_files-2.33.so
7faf8b6c9000-7faf8b6cf000 rw-p 00000000 00:00 0 
7faf8b6cf000-7faf8b6d0000 rw-s 104f67000 00:05 577                       /dev/dri/card0
7faf8b6d0000-7faf8b6d1000 r--s 00000000 00:27 128                        /run/user/1000/dconf/user
7faf8b6d1000-7faf8b6d2000 r--p 00000000 103:03 550862                    /usr/lib/libXau.so.6.0.0
7faf8b6d2000-7faf8b6d3000 r-xp 00001000 103:03 550862                    /usr/lib/libXau.so.6.0.0
7faf8b6d3000-7faf8b6d4000 r--p 00002000 103:03 550862                    /usr/lib/libXau.so.6.0.0
7faf8b6d4000-7faf8b6d5000 r--p 00002000 103:03 550862                    /usr/lib/libXau.so.6.0.0
7faf8b6d5000-7faf8b6d6000 rw-p 00003000 103:03 550862                    /usr/lib/libXau.so.6.0.0
7faf8b6d6000-7faf8b6dd000 r--p 00000000 103:03 3411691                   /usr/lib/jvm/java-15-openjdk/lib/libnio.so
7faf8b6dd000-7faf8b6e5000 r-xp 00007000 103:03 3411691                   /usr/lib/jvm/java-15-openjdk/lib/libnio.so
7faf8b6e5000-7faf8b6e9000 r--p 0000f000 103:03 3411691                   /usr/lib/jvm/java-15-openjdk/lib/libnio.so
7faf8b6e9000-7faf8b6ea000 ---p 00013000 103:03 3411691                   /usr/lib/jvm/java-15-openjdk/lib/libnio.so
7faf8b6ea000-7faf8b6eb000 r--p 00013000 103:03 3411691                   /usr/lib/jvm/java-15-openjdk/lib/libnio.so
7faf8b6eb000-7faf8b6ec000 rw-p 00014000 103:03 3411691                   /usr/lib/jvm/java-15-openjdk/lib/libnio.so
7faf8b6ec000-7faf8b6f1000 rw-p 00000000 00:00 0 
7faf8b6f1000-7faf8b6f8000 ---p 00000000 00:00 0 
7faf8b6f8000-7faf8b705000 r--p 00000000 103:03 3410285                   /usr/lib/jvm/java-15-openjdk/lib/libjava.so
7faf8b705000-7faf8b717000 r-xp 0000d000 103:03 3410285                   /usr/lib/jvm/java-15-openjdk/lib/libjava.so
7faf8b717000-7faf8b71d000 r--p 0001f000 103:03 3410285                   /usr/lib/jvm/java-15-openjdk/lib/libjava.so
7faf8b71d000-7faf8b71e000 r--p 00024000 103:03 3410285                   /usr/lib/jvm/java-15-openjdk/lib/libjava.so
7faf8b71e000-7faf8b71f000 rw-p 00025000 103:03 3410285                   /usr/lib/jvm/java-15-openjdk/lib/libjava.so
7faf8b71f000-7faf8b720000 rw-p 00000000 00:00 0 
7faf8b720000-7faf8b723000 r--p 00000000 103:03 3410289                   /usr/lib/jvm/java-15-openjdk/lib/libjdwp.so
7faf8b723000-7faf8b751000 r-xp 00003000 103:03 3410289                   /usr/lib/jvm/java-15-openjdk/lib/libjdwp.so
7faf8b751000-7faf8b75f000 r--p 00031000 103:03 3410289                   /usr/lib/jvm/java-15-openjdk/lib/libjdwp.so
7faf8b75f000-7faf8b760000 r--p 0003e000 103:03 3410289                   /usr/lib/jvm/java-15-openjdk/lib/libjdwp.so
7faf8b760000-7faf8b761000 rw-p 0003f000 103:03 3410289                   /usr/lib/jvm/java-15-openjdk/lib/libjdwp.so
7faf8b761000-7faf8b762000 rw-p 00000000 00:00 0 
7faf8b762000-7faf8b766000 ---p 00000000 00:00 0 
7faf8b766000-7faf8b863000 rw-p 00000000 00:00 0 
7faf8b863000-7faf8b866000 r--p 00000000 103:03 528470                    /usr/lib/libgcc_s.so.1
7faf8b866000-7faf8b877000 r-xp 00003000 103:03 528470                    /usr/lib/libgcc_s.so.1
7faf8b877000-7faf8b87b000 r--p 00014000 103:03 528470                    /usr/lib/libgcc_s.so.1
7faf8b87b000-7faf8b87c000 r--p 00017000 103:03 528470                    /usr/lib/libgcc_s.so.1
7faf8b87c000-7faf8b87d000 rw-p 00018000 103:03 528470                    /usr/lib/libgcc_s.so.1
7faf8b87d000-7faf8b88c000 r--p 00000000 103:03 527762                    /usr/lib/libm-2.33.so
7faf8b88c000-7faf8b927000 r-xp 0000f000 103:03 527762                    /usr/lib/libm-2.33.so
7faf8b927000-7faf8b9bf000 r--p 000aa000 103:03 527762                    /usr/lib/libm-2.33.so
7faf8b9bf000-7faf8b9c0000 ---p 00142000 103:03 527762                    /usr/lib/libm-2.33.so
7faf8b9c0000-7faf8b9c1000 r--p 00142000 103:03 527762                    /usr/lib/libm-2.33.so
7faf8b9c1000-7faf8b9c2000 rw-p 00143000 103:03 527762                    /usr/lib/libm-2.33.so
7faf8b9c2000-7faf8ba58000 r--p 00000000 103:03 559611                    /usr/lib/libstdc++.so.6.0.28
7faf8ba58000-7faf8bb44000 r-xp 00096000 103:03 559611                    /usr/lib/libstdc++.so.6.0.28
7faf8bb44000-7faf8bb8d000 r--p 00182000 103:03 559611                    /usr/lib/libstdc++.so.6.0.28
7faf8bb8d000-7faf8bb8e000 ---p 001cb000 103:03 559611                    /usr/lib/libstdc++.so.6.0.28
7faf8bb8e000-7faf8bb9b000 r--p 001cb000 103:03 559611                    /usr/lib/libstdc++.so.6.0.28
7faf8bb9b000-7faf8bb9c000 rw-p 001d8000 103:03 559611                    /usr/lib/libstdc++.so.6.0.28
7faf8bb9c000-7faf8bb9f000 rw-p 00000000 00:00 0 
7faf8bb9f000-7faf8bdad000 r--p 00000000 103:03 4073853                   /usr/lib/jvm/java-15-openjdk/lib/server/libjvm.so
7faf8bdad000-7faf8ca30000 r-xp 0020e000 103:03 4073853                   /usr/lib/jvm/java-15-openjdk/lib/server/libjvm.so
7faf8ca30000-7faf8cc87000 r--p 00e91000 103:03 4073853                   /usr/lib/jvm/java-15-openjdk/lib/server/libjvm.so
7faf8cc87000-7faf8cc88000 ---p 010e8000 103:03 4073853                   /usr/lib/jvm/java-15-openjdk/lib/server/libjvm.so
7faf8cc88000-7faf8cd24000 r--p 010e8000 103:03 4073853                   /usr/lib/jvm/java-15-openjdk/lib/server/libjvm.so
7faf8cd24000-7faf8cd5d000 rw-p 01184000 103:03 4073853                   /usr/lib/jvm/java-15-openjdk/lib/server/libjvm.so
7faf8cd5d000-7faf8cde7000 rw-p 00000000 00:00 0 
7faf8cde7000-7faf8cdee000 r--p 00000000 103:03 527819                    /usr/lib/libpthread-2.33.so
7faf8cdee000-7faf8cdfd000 r-xp 00007000 103:03 527819                    /usr/lib/libpthread-2.33.so
7faf8cdfd000-7faf8ce02000 r--p 00016000 103:03 527819                    /usr/lib/libpthread-2.33.so
7faf8ce02000-7faf8ce03000 r--p 0001a000 103:03 527819                    /usr/lib/libpthread-2.33.so
7faf8ce03000-7faf8ce04000 rw-p 0001b000 103:03 527819                    /usr/lib/libpthread-2.33.so
7faf8ce04000-7faf8ce08000 rw-p 00000000 00:00 0 
7faf8ce08000-7faf8ce0a000 r--p 00000000 103:03 527746                    /usr/lib/libdl-2.33.so
7faf8ce0a000-7faf8ce0c000 r-xp 00002000 103:03 527746                    /usr/lib/libdl-2.33.so
7faf8ce0c000-7faf8ce0d000 r--p 00004000 103:03 527746                    /usr/lib/libdl-2.33.so
7faf8ce0d000-7faf8ce0e000 r--p 00004000 103:03 527746                    /usr/lib/libdl-2.33.so
7faf8ce0e000-7faf8ce0f000 rw-p 00005000 103:03 527746                    /usr/lib/libdl-2.33.so
7faf8ce0f000-7faf8ce12000 r--p 00000000 103:03 538644                    /usr/lib/libz.so.1.2.11
7faf8ce12000-7faf8ce20000 r-xp 00003000 103:03 538644                    /usr/lib/libz.so.1.2.11
7faf8ce20000-7faf8ce26000 r--p 00011000 103:03 538644                    /usr/lib/libz.so.1.2.11
7faf8ce26000-7faf8ce27000 ---p 00017000 103:03 538644                    /usr/lib/libz.so.1.2.11
7faf8ce27000-7faf8ce28000 r--p 00017000 103:03 538644                    /usr/lib/libz.so.1.2.11
7faf8ce28000-7faf8ce29000 rw-p 00018000 103:03 538644                    /usr/lib/libz.so.1.2.11
7faf8ce29000-7faf8ce4f000 r--p 00000000 103:03 527702                    /usr/lib/libc-2.33.so
7faf8ce4f000-7faf8cf9b000 r-xp 00026000 103:03 527702                    /usr/lib/libc-2.33.so
7faf8cf9b000-7faf8cfe7000 r--p 00172000 103:03 527702                    /usr/lib/libc-2.33.so
7faf8cfe7000-7faf8cfea000 r--p 001bd000 103:03 527702                    /usr/lib/libc-2.33.so
7faf8cfea000-7faf8cfed000 rw-p 001c0000 103:03 527702                    /usr/lib/libc-2.33.so
7faf8cfed000-7faf8cff6000 rw-p 00000000 00:00 0 
7faf8cff6000-7faf8cff8000 r--p 00000000 103:03 3410267                   /usr/lib/jvm/java-15-openjdk/lib/libdt_socket.so
7faf8cff8000-7faf8cffb000 r-xp 00002000 103:03 3410267                   /usr/lib/jvm/java-15-openjdk/lib/libdt_socket.so
7faf8cffb000-7faf8cffc000 r--p 00005000 103:03 3410267                   /usr/lib/jvm/java-15-openjdk/lib/libdt_socket.so
7faf8cffc000-7faf8cffd000 ---p 00006000 103:03 3410267                   /usr/lib/jvm/java-15-openjdk/lib/libdt_socket.so
7faf8cffd000-7faf8cffe000 r--p 00006000 103:03 3410267                   /usr/lib/jvm/java-15-openjdk/lib/libdt_socket.so
7faf8cffe000-7faf8cfff000 rw-p 00007000 103:03 3410267                   /usr/lib/jvm/java-15-openjdk/lib/libdt_socket.so
7faf8cfff000-7faf8d007000 rw-s 00000000 00:24 476                        /tmp/hsperfdata_heero/14064
7faf8d007000-7faf8d009000 r--p 00000000 103:03 3410274                   /usr/lib/jvm/java-15-openjdk/lib/libinstrument.so
7faf8d009000-7faf8d00f000 r-xp 00002000 103:03 3410274                   /usr/lib/jvm/java-15-openjdk/lib/libinstrument.so
7faf8d00f000-7faf8d012000 r--p 00008000 103:03 3410274                   /usr/lib/jvm/java-15-openjdk/lib/libinstrument.so
7faf8d012000-7faf8d013000 r--p 0000a000 103:03 3410274                   /usr/lib/jvm/java-15-openjdk/lib/libinstrument.so
7faf8d013000-7faf8d014000 rw-p 0000b000 103:03 3410274                   /usr/lib/jvm/java-15-openjdk/lib/libinstrument.so
7faf8d014000-7faf8d015000 ---p 00000000 00:00 0 
7faf8d015000-7faf8d016000 r--p 00000000 00:00 0 
7faf8d016000-7faf8d018000 r--p 00000000 103:03 3410292                   /usr/lib/jvm/java-15-openjdk/lib/libjimage.so
7faf8d018000-7faf8d01b000 r-xp 00002000 103:03 3410292                   /usr/lib/jvm/java-15-openjdk/lib/libjimage.so
7faf8d01b000-7faf8d01c000 r--p 00005000 103:03 3410292                   /usr/lib/jvm/java-15-openjdk/lib/libjimage.so
7faf8d01c000-7faf8d01d000 ---p 00006000 103:03 3410292                   /usr/lib/jvm/java-15-openjdk/lib/libjimage.so
7faf8d01d000-7faf8d01e000 r--p 00006000 103:03 3410292                   /usr/lib/jvm/java-15-openjdk/lib/libjimage.so
7faf8d01e000-7faf8d01f000 rw-p 00007000 103:03 3410292                   /usr/lib/jvm/java-15-openjdk/lib/libjimage.so
7faf8d01f000-7faf8d022000 r--p 00000000 103:03 3410296                   /usr/lib/jvm/java-15-openjdk/lib/libjli.so
7faf8d022000-7faf8d02c000 r-xp 00003000 103:03 3410296                   /usr/lib/jvm/java-15-openjdk/lib/libjli.so
7faf8d02c000-7faf8d02f000 r--p 0000d000 103:03 3410296                   /usr/lib/jvm/java-15-openjdk/lib/libjli.so
7faf8d02f000-7faf8d030000 ---p 00010000 103:03 3410296                   /usr/lib/jvm/java-15-openjdk/lib/libjli.so
7faf8d030000-7faf8d031000 r--p 00010000 103:03 3410296                   /usr/lib/jvm/java-15-openjdk/lib/libjli.so
7faf8d031000-7faf8d032000 rw-p 00011000 103:03 3410296                   /usr/lib/jvm/java-15-openjdk/lib/libjli.so
7faf8d032000-7faf8d034000 rw-p 00000000 00:00 0 
7faf8d034000-7faf8d035000 r--p 00000000 103:03 527670                    /usr/lib/ld-2.33.so
7faf8d035000-7faf8d059000 r-xp 00001000 103:03 527670                    /usr/lib/ld-2.33.so
7faf8d059000-7faf8d062000 r--p 00025000 103:03 527670                    /usr/lib/ld-2.33.so
7faf8d062000-7faf8d063000 ---p 00000000 00:00 0 
7faf8d063000-7faf8d065000 r--p 0002e000 103:03 527670                    /usr/lib/ld-2.33.so
7faf8d065000-7faf8d067000 rw-p 00030000 103:03 527670                    /usr/lib/ld-2.33.so
7ffc45f21000-7ffc45f42000 rw-p 00000000 00:00 0                          [stack]
7ffc45fe7000-7ffc45feb000 r--p 00000000 00:00 0                          [vvar]
7ffc45feb000-7ffc45fed000 r-xp 00000000 00:00 0                          [vdso]
ffffffffff600000-ffffffffff601000 --xp 00000000 00:00 0                  [vsyscall]


VM Arguments:
jvm_args: -XX:+ShowCodeDetailsInExceptionMessages -agentlib:jdwp=transport=dt_socket,suspend=y,address=localhost:41625 -javaagent:/home/heero/.local/application/eclipse.app/eclipse/configuration/org.eclipse.osgi/216/0/.cp/lib/javaagent-shaded.jar -Dfile.encoding=UTF-8 --module-path=/home/heero/dev/WORKSPACE-game/jatria-soft/ege/samples/bin:/home/heero/dev/WORKSPACE-game/jatria-soft/ege/out/eclipse/classes:/home/heero/dev/WORKSPACE-game/jatria-soft/ewol/out/eclipse/classes:/home/heero/dev/WORKSPACE-game/jatria-soft/io-gami/out/eclipse/classes:/home/heero/dev/WORKSPACE-game/jatria-soft/png-encoder/out/eclipse:/home/heero/dev/WORKSPACE-game/jatria-soft/egami/out/eclipse/classes:/home/heero/dev/WORKSPACE-game/jatria-soft/etk/out/eclipse/classes:/home/heero/dev/WORKSPACE-game/jatria-soft/etk/lib/spotbugs-annotations-4.2.2.jar:/home/heero/dev/WORKSPACE-game/scenarium/scenarium-logger/out/eclipse/classes:/home/heero/dev/WORKSPACE-game/jatria-soft/png-decoder/out/eclipse/classes:/home/heero/dev/WORKSPACE-game/jatria-soft/esvg/out/eclipse/classes:/home/heero/dev/WORKSPACE-game/jatria-soft/exml/out/eclipse/classes:/home/heero/dev/WORKSPACE-game/jatria-soft/ejson/out/eclipse/classes:/home/heero/dev/WORKSPACE-game/jatria-soft/gale/out/eclipse/classes:/home/heero/dev/WORKSPACE-game/jatria-soft/gale/lib/lwjgl3-awt-0.1.7.jar:/home/heero/dev/WORKSPACE-game/jatria-soft/gale/lib/pngdecoder.jar:/home/heero/dev/WORKSPACE-game/jatria-soft/gale/lib/lwjgl/lwjgl.jar:/home/heero/dev/WORKSPACE-game/jatria-soft/gale/lib/lwjgl/lwjgl-assimp.jar:/home/heero/dev/WORKSPACE-game/jatria-soft/gale/lib/lwjgl/lwjgl-assimp-natives-linux.jar:/home/heero/dev/WORKSPACE-game/jatria-soft/gale/lib/lwjgl/lwjgl-glfw.jar:/home/heero/dev/WORKSPACE-game/jatria-soft/gale/lib/lwjgl/lwjgl-glfw-natives-linux.jar:/home/heero/dev/WORKSPACE-game/jatria-soft/gale/lib/lwjgl/lwjgl-jawt.jar:/home/heero/dev/WORKSPACE-game/jatria-soft/gale/lib/lwjgl/lwjgl-natives-linux.jar:/home/heero/dev/WORKSPACE-game/jatria-soft/gale/lib/lwjgl/lwjgl-opengl.jar:/home/heero/dev/WORKSPACE-game/jatria-soft/gale/lib/lwjgl/lwjgl-stb.jar:/home/heero/dev/WORKSPACE-game/jatria-soft/gale/lib/lwjgl/lwjgl-stb-natives-linux.jar:/home/heero/dev/WORKSPACE-game/jatria-soft/gale/lib/lwjgl/lwjgl-opengl-natives-linux.jar:--enable-preview -Djdk.module.main=sample.atriasoft.ege 
java_command: sample.atriasoft.ege/sample.atriasoft.ege.loxelEngine.MainLoxelEngine
java_class_path (initial): <not set>
Launcher Type: SUN_STANDARD

[Global flags]
     intx CICompilerCount                          = 4                                         {product} {ergonomic}
     uint ConcGCThreads                            = 3                                         {product} {ergonomic}
     uint G1ConcRefinementThreads                  = 10                                        {product} {ergonomic}
   size_t G1HeapRegionSize                         = 2097152                                   {product} {ergonomic}
    uintx GCDrainStackTargetSize                   = 64                                        {product} {ergonomic}
   size_t InitialHeapSize                          = 264241152                                 {product} {ergonomic}
   size_t MarkStackSize                            = 4194304                                   {product} {ergonomic}
   size_t MaxHeapSize                              = 4200595456                                {product} {ergonomic}
   size_t MaxNewSize                               = 2518679552                                {product} {ergonomic}
   size_t MinHeapDeltaBytes                        = 2097152                                   {product} {ergonomic}
   size_t MinHeapSize                              = 8388608                                   {product} {ergonomic}
    uintx NonNMethodCodeHeapSize                   = 5839372                                {pd product} {ergonomic}
    uintx NonProfiledCodeHeapSize                  = 122909434                              {pd product} {ergonomic}
    uintx ProfiledCodeHeapSize                     = 122909434                              {pd product} {ergonomic}
    uintx ReservedCodeCacheSize                    = 251658240                              {pd product} {ergonomic}
     bool SegmentedCodeCache                       = true                                      {product} {ergonomic}
     bool ShowCodeDetailsInExceptionMessages       = true                                   {manageable} {command line}
   size_t SoftMaxHeapSize                          = 4200595456                             {manageable} {ergonomic}
     bool UseCompressedClassPointers               = true                                 {lp64_product} {ergonomic}
     bool UseCompressedOops                        = true                                 {lp64_product} {ergonomic}
     bool UseG1GC                                  = true                                      {product} {ergonomic}

Logging:
Log output configuration:
 #0: stdout all=warning uptime,level,tags
 #1: stderr all=off uptime,level,tags

Environment Variables:
PATH=/usr/local/sbin:/usr/local/bin:/usr/bin:/usr/lib/jvm/default/bin:/usr/bin/site_perl:/usr/bin/vendor_perl:/usr/bin/core_perl:/home/heero/.bin:/home/heero/.local/bin:/home/heero/.local/application//home/heero/java_binaries/gdk-14/jdk-14-full/bin/:/home/heero/java_binaries/:/usr/local/sbin:/usr/local/bin:/usr/bin:/usr/lib/jvm/default/bin:/usr/bin/site_perl:/usr/bin/vendor_perl:/usr/bin/core_perl:/home/heero/.bin:/home/heero/.local/bin:/home/heero/.local/application/
SHELL=/bin/bash
DISPLAY=:0
LANG=en_US.UTF-8

Signal Handlers:
SIGSEGV: [libjvm.so+0xe15e30], sa_mask[0]=11111111011111111101111111111110, sa_flags=SA_RESTART|SA_SIGINFO
SIGBUS: [libjvm.so+0xe15e30], sa_mask[0]=11111111011111111101111111111110, sa_flags=SA_RESTART|SA_SIGINFO
SIGFPE: [libjvm.so+0xe15e30], sa_mask[0]=11111111011111111101111111111110, sa_flags=SA_RESTART|SA_SIGINFO
SIGPIPE: SIG_IGN, sa_mask[0]=00000000000010000000000000000000, sa_flags=SA_RESTART
SIGXFSZ: [libjvm.so+0xb69980], sa_mask[0]=11111111011111111101111111111110, sa_flags=SA_RESTART|SA_SIGINFO
SIGILL: [libjvm.so+0xe15e30], sa_mask[0]=11111111011111111101111111111110, sa_flags=SA_RESTART|SA_SIGINFO
SIGUSR2: [libjvm.so+0xb69810], sa_mask[0]=00100000000000000000000000000000, sa_flags=SA_RESTART|SA_SIGINFO
SIGHUP: [libjvm.so+0xb6a1b0], sa_mask[0]=11111111011111111101111111111110, sa_flags=SA_RESTART|SA_SIGINFO
SIGINT: [libjvm.so+0xb6a1b0], sa_mask[0]=11111111011111111101111111111110, sa_flags=SA_RESTART|SA_SIGINFO
SIGTERM: [libjvm.so+0xb6a1b0], sa_mask[0]=11111111011111111101111111111110, sa_flags=SA_RESTART|SA_SIGINFO
SIGQUIT: [libjvm.so+0xb6a1b0], sa_mask[0]=11111111011111111101111111111110, sa_flags=SA_RESTART|SA_SIGINFO


---------------  S Y S T E M  ---------------

OS:
LSB_VERSION=1.4
DISTRIB_ID=Arch
DISTRIB_RELEASE=rolling
DISTRIB_DESCRIPTION="Arch Linux"
uname: Linux 5.11.13-arch1-1 #1 SMP PREEMPT Sat, 10 Apr 2021 20:47:14 +0000 x86_64
OS uptime: 0 days 10:53 hours
libc: glibc 2.33 NPTL 2.33 
rlimit (soft/hard): STACK 8192k/infinity , CORE infinity/infinity , NPROC 63754/63754 , NOFILE 524288/524288 , AS infinity/infinity , CPU infinity/infinity , DATA infinity/infinity , FSIZE infinity/infinity , MEMLOCK 1024k/1024k
load average: 0.34 0.27 0.26

/proc/meminfo:
MemTotal:       16402124 kB
MemFree:         7951572 kB
MemAvailable:   11244496 kB
Buffers:          143320 kB
Cached:          3741516 kB
SwapCached:       189464 kB
Active:          1671124 kB
Inactive:        6018128 kB
Active(anon):     428780 kB
Inactive(anon):  3784424 kB
Active(file):    1242344 kB
Inactive(file):  2233704 kB
Unevictable:          80 kB
Mlocked:              80 kB
SwapTotal:      16777212 kB
SwapFree:       16118780 kB
Dirty:               108 kB
Writeback:             0 kB
AnonPages:       3653680 kB
Mapped:           971192 kB
Shmem:            408780 kB
KReclaimable:     136692 kB
Slab:             274884 kB
SReclaimable:     136692 kB
SUnreclaim:       138192 kB
KernelStack:       19296 kB
PageTables:        40084 kB
NFS_Unstable:          0 kB
Bounce:                0 kB
WritebackTmp:          0 kB
CommitLimit:    24978272 kB
Committed_AS:   10762268 kB
VmallocTotal:   34359738367 kB
VmallocUsed:       50136 kB
VmallocChunk:          0 kB
Percpu:            22272 kB
HardwareCorrupted:     0 kB
AnonHugePages:         0 kB
ShmemHugePages:        0 kB
ShmemPmdMapped:        0 kB
FileHugePages:         0 kB
FilePmdMapped:         0 kB
CmaTotal:              0 kB
CmaFree:               0 kB
HugePages_Total:       0
HugePages_Free:        0
HugePages_Rsvd:        0
HugePages_Surp:        0
Hugepagesize:       2048 kB
Hugetlb:               0 kB
DirectMap4k:      841572 kB
DirectMap2M:    15888384 kB
DirectMap1G:     1048576 kB

/sys/kernel/mm/transparent_hugepage/enabled: always [madvise] never
/sys/kernel/mm/transparent_hugepage/defrag (defrag/compaction efforts parameter): always defer defer+madvise [madvise] never

/proc/sys/kernel/threads-max (system-wide limit on the number of threads): 127509
/proc/sys/vm/max_map_count (maximum number of memory map areas a process may have): 65530
/proc/sys/kernel/pid_max (system-wide limit on number of process identifiers): 4194304

container (cgroup) information:
container_type: cgroupv2
cpu_cpuset_cpus: not supported
cpu_memory_nodes: not supported
active_processor_count: 12
cpu_quota: not supported
cpu_period: not supported
cpu_shares: not supported
memory_limit_in_bytes: unlimited
memory_and_swap_limit_in_bytes: unlimited
memory_soft_limit_in_bytes: unlimited
memory_usage_in_bytes: 7872876544
memory_max_usage_in_bytes: not supported

Steal ticks since vm start: 0
Steal ticks percentage since vm start:  0.000

CPU: total 12 (initial active 12) (12 cores per cpu, 2 threads per core) family 23 model 113 stepping 0 microcode 0x8701013, cmov, cx8, fxsr, mmx, sse, sse2, sse3, ssse3, sse4.1, sse4.2, popcnt, vzeroupper, avx, avx2, aes, clmul, 3dnowpref, lzcnt, sse4a, ht, tsc, tscinvbit, tscinv, bmi1, bmi2, adx, sha, fma, clflush, clflushopt
CPU Model and flags from /proc/cpuinfo:
model name	: AMD Ryzen 5 3600 6-Core Processor
flags		: fpu vme de pse tsc msr pae mce cx8 apic sep mtrr pge mca cmov pat pse36 clflush mmx fxsr sse sse2 ht syscall nx mmxext fxsr_opt pdpe1gb rdtscp lm constant_tsc rep_good nopl nonstop_tsc cpuid extd_apicid aperfmperf pni pclmulqdq monitor ssse3 fma cx16 sse4_1 sse4_2 movbe popcnt aes xsave avx f16c rdrand lahf_lm cmp_legacy svm extapic cr8_legacy abm sse4a misalignsse 3dnowprefetch osvw ibs skinit wdt tce topoext perfctr_core perfctr_nb bpext perfctr_llc mwaitx cpb cat_l3 cdp_l3 hw_pstate sme ssbd mba sev ibpb stibp vmmcall sev_es fsgsbase bmi1 avx2 smep bmi2 cqm rdt_a rdseed adx smap clflushopt clwb sha_ni xsaveopt xsavec xgetbv1 xsaves cqm_llc cqm_occup_llc cqm_mbm_total cqm_mbm_local clzero irperf xsaveerptr rdpru wbnoinvd arat npt lbrv svm_lock nrip_save tsc_scale vmcb_clean flushbyasid decodeassists pausefilter pfthreshold avic v_vmsave_vmload vgif umip rdpid overflow_recov succor smca

Online cpus: 0-11
Offline cpus: 12-31
BIOS frequency limitation: 3600000
Frequency switch latency (ns): 0
Available cpu frequencies: 3600000 2800000 2200000 
Current governor: schedutil
Core performance/turbo boost: 1

Memory: 4k page, physical 16402124k(7951572k free), swap 16777212k(16118780k free)

vm_info: OpenJDK 64-Bit Server VM (15.0.2+7) for linux-amd64 JRE (15.0.2+7), built on Jan 30 2021 00:52:18 by "builduser" with gcc 10.2.0

END.
